task,word_index,improvement_slope,text_acc,audio_acc,video_acc,prominence_mean_words5,POS_spaCy,Dep,Head,Clause_ID,Clause_Pos,ground_truth,context,sentiment_label,sentiment_score,Frequency,Valence,Arousal,Length
black,6,0.15982527055830203,0.3030695192394978,0.6227200603561018,0.6227200603561018,1.2444,NOUN,pobj,in,1,7,college,So I was a junior in college,Negative,0.39646074175834656,3.6379897807846855,6.44,4.0,7
black,12,-0.08795717757367373,0.023717340780922257,0.023717340780922257,-0.15219701436642522,0.5683999999999999,VERB,amod,job,3,2,pay,was a junior in college when I got my first paying,Positive,0.3706236779689789,4.113475398536737,6.23,4.24,3
black,19,0.0022355331923068584,0.05085111020842837,0.05532217659304208,0.05532217659304208,0.7093999999999999,NOUN,pobj,on,2,11,radio,got my first paying job in my field on the radio,Positive,0.6921367645263672,3.595165414790229,6.0,3.84,5
black,24,-0.38847475799679393,0.9715095992653838,0.15052924527839756,0.19456008327179597,0.2426,NOUN,attr,is,4,5,internship,in my field on the radio This is not an internship,Negative,0.7773938179016113,2.184691430817599,5.9,6.25,10
black,32,-0.00631016379196207,-0.0070341732434531,-0.019654500827377235,-0.019654500827377235,0.6225999999999999,NOUN,attr,was,5,4,country,not an internship I'm getting a check It was a country,Negative,0.788476824760437,3.916717077598813,6.14,3.71,7
black,46,9.217171261888643e-17,0.4755725526528976,0.4755725526528976,0.4755725526528976,0.4291999999999999,NOUN,pobj,on,5,18,weekend,station and my job though it was only on the weekends,Negative,0.7401546835899353,3.494015374757144,7.17,5.81,7
black,49,2.1526115991654782e-17,0.4993626246763312,0.4993626246763312,0.4993626246763312,0.5542,VERB,xcomp,was,6,2,play,job though it was only on the weekends was to play,Negative,0.7687823176383972,4.257246464907372,7.55,3.81,4
black,56,1.1580861498720387e-17,0.31933539513064346,0.31933539513064346,0.31933539513064346,1.0322,NOUN,pobj,of,7,4,week,weekends was to play the top country hits of the week,Neutral,0.5321215987205505,4.085112113266837,5.27,3.33,4
black,64,0.45381488390273744,0.01017269239330572,-0.026658209909428566,0.9178024601987805,0.8096000000000002,NOUN,pobj,on,8,6,album,of the week each Sunday It actually came on an album,Neutral,0.6122685670852661,2.718501688867274,6.19,5.63,5
black,75,9.889141193306413e-17,0.7161544879972969,0.7161544879972969,0.7161544879972969,0.4524,NOUN,pobj,of,10,7,sleeve,pre-recorded so I had to take it out of the sleeve,Negative,0.7324475049972534,2.4578818967339924,5.95,3.26,6
black,85,0.0033218833523741,-0.02514743044836361,0.09250248829054612,-0.018503663743615405,0.5292,VERB,conj,had,12,1,put,sleeve and put it on the turntable just so and put,Neutral,0.6033769845962524,4.625847271117809,5.09,3.86,3
black,90,-0.14874221287566974,0.026036458781863742,-0.2714479669694757,-0.2714479669694757,0.7706,NOUN,pobj,on,9,9,side,the turntable just so and put the needle down on side,Negative,0.705413281917572,4.0106391167366295,5.32,3.14,4
black,95,4.48501629934833e-17,0.6763644012866599,0.6763644012866599,0.6763644012866599,0.72,VERB,xcomp,caring,14,3,scratch,put the needle down on side one caring not to scratch,Neutral,0.7187336087226868,2.983175072037813,4.95,4.35,7
black,100,-0.10510967000020435,0.22523759472823066,0.22523759472823066,0.015018254727821955,0.4864,NOUN,dobj,let,9,13,part,side one caring not to scratch it and then let part,Negative,0.5499892234802246,4.125090713082634,4.77,3.36,4
black,123,0.35804667806772567,0.11643841020075711,0.0869589965106528,0.8325317663362083,1.1263999999999998,VERB,xcomp,had,21,2,lift,coming now When side one would end I had to lift,Positive,0.286823034286499,3.241048150671644,5.32,4.9,4
black,133,1.5722246740828329e-19,0.000971543384318732,0.020990448240026428,0.000971543384318732,0.2226,VERB,xcomp,get,24,2,read,lift the needle and here's my moment I get to read,Positive,0.6661764979362488,4.090011024007147,6.73,3.7,4
black,148,1.0875253747641687e-16,0.6376541259390698,0.6376541259390698,0.6376541259390698,1.0428000000000002,NOUN,nsubj,playing,27,3,commercial,Jefferson City Missouri Then I played commercials and while the commercials,Neutral,0.7668429017066956,2.9190780923760737,4.11,4.43,10
black,154,0.23913240995497778,0.31358345149695305,0.7918482714069084,0.7918482714069084,0.4234,VERB,xcomp,had,29,2,flip,commercials and while the commercials were playing I had to flip,Negative,0.8866081833839417,2.8627275283179747,5.6,4.62,4
black,172,-3.5300983081602516e-17,0.3913543038969143,0.3913543038969143,0.3913543038969143,1.6396000000000002,NUM,nummod,side,26,14,two,the turntable put the needle back down now on side two,Neutral,0.6106135845184326,4.735479132868749,6.3,3.33,3
black,190,-0.006498661892055593,0.09587277066241855,0.13945808828978473,0.08287544687830735,0.5334,VERB,advcl,know,36,3,get,country hits of the week play You know when you're getting,Neutral,0.46015283465385437,5.3687943501614095,6.09,3.67,3
black,201,0.33905545001306614,0.04792649183303116,0.7260373918591632,0.7260373918591632,1.0118,NOUN,appos,you,35,6,kind,a degree in communications or broadcasting they teach you all kinds,Neutral,0.7420288920402527,4.478941471757991,7.78,3.19,4
black,208,7.989548711695598e-18,0.21169505678510162,0.21169505678510162,0.21169505678510162,0.8624,VERB,ROOT,teach,39,5,teach,teach you all kinds of stuff but they do not teach,Negative,0.6811612844467163,3.5700757053216043,7.06,3.47,5
black,212,0.3794889771464423,0.10958808750791599,0.8685660418008007,0.8685660418008007,0.9976,VERB,ccomp,teach,40,3,flip,of stuff but they do not teach you how to flip,Negative,0.7629725933074951,2.8627275283179747,5.6,4.62,4
black,221,0.33786969886416185,-0.46733198823263716,0.20840740949568656,0.20840740949568656,1.1508,NOUN,nsubj,ends,40,12,break,to flip an album in record time before the commercial break,Neutral,0.9074762463569641,4.052155067199565,5.1,4.71,5
black,235,-0.10771210099535268,0.05568045595522201,-0.15974374603548328,-0.15974374603548328,0.6806000000000001,ADJ,amod,market,42,3,large,would eventually bring me here to St Louis It's the largest,Very Positive,0.489680677652359,3.325310371711061,5.77,5.35,5
black,244,-4.2942016284038616e-17,0.819714623220947,0.819714623220947,0.819714623220947,0.8173999999999999,ADJ,acomp,was,43,3,excite,the largest market I had ever been in I was excited,Very Positive,0.7179223299026489,2.041392685158225,7.79,6.61,6
black,248,3.5967413362016814e-17,0.2786578240360282,0.2786578240360282,0.2786578240360282,0.6374,ADJ,acomp,was,43,7,nervous,had ever been in I was excited and I was nervous,Positive,0.8019763231277466,3.534787358629492,3.56,5.51,7
black,255,0.38356573493802937,-0.5364934409890182,-0.41271305916331175,0.23063802888704035,1.412,VERB,xcomp,trying,46,2,get,and I was nervous and so I am trying to get,Positive,0.555035412311554,5.3687943501614095,6.09,3.67,3
black,263,-0.33125469209895353,0.48895074565070495,-0.18466945523299183,-0.17355863854720202,0.4392,VERB,ccomp,promise,48,4,go,trying to get to know the community And so I'm going,Negative,0.7025355696678162,5.286559753980304,6.32,4.86,2
black,272,0.27168198644070196,0.17270002143701568,0.7160639943184194,0.7160639943184194,0.6112,VERB,relcl,event,49,3,think,I'm going to every fundraiser and every event I can think,Neutral,0.38010507822036743,5.137550322564531,6.68,3.75,5
black,279,1.0003098100699231e-17,0.21998499205888278,0.21998499205888278,0.21998499205888278,0.7030000000000001,NOUN,pobj,of,48,15,event,event I can think of and after one of those events,Neutral,0.5799576044082642,3.1290450598879582,6.21,5.1,5
black,295,-0.1331816611482339,0.33138706846509364,0.06502374616862588,0.06502374616862588,0.381,ADJ,amod,man,51,2,young,actually here at the Sheldon in St Louis Missouri a young,Positive,0.4938085973262787,4.093526743699675,6.31,4.09,5
black,305,0.3263295487100141,0.17455931866948934,0.8272184160895174,0.8272184160895174,0.3016,ADJ,acomp,was,52,3,black,young man approached me outside on the sidewalk He was black,Neutral,0.3097717761993408,3.932778070060551,5.4,3.58,5
black,308,4.217690835720361e-17,0.7406772113528574,0.7406772113528574,0.7406772113528574,0.2461999999999999,VERB,conj,was,52,5,say,me outside on the sidewalk He was black and he said,Negative,0.4149937033653259,4.92236209678479,5.91,4.43,3
black,315,0.4771296200744605,-0.23584056481154814,0.7184186753373728,0.7184186753373728,0.5362,ADJ,acomp,were,54,5,black,black and he said to me I knew you were black,Very Negative,0.34726160764694214,3.932778070060551,5.4,3.58,5
black,323,-0.050718304760633964,0.05600416413127502,0.05600416413127502,-0.045432445389992915,1.6344,VERB,ccomp,keep,56,4,hear,you were black Now keep in mind that I had heard,Very Positive,0.6375701427459717,4.452154585714663,6.68,3.62,4
black,331,0.42695224068160803,-0.020819172982952775,0.8330853083802631,0.8330853083802631,0.4034,VERB,ROOT,sound,57,2,sound,I had heard pretty much my whole adult life You sound,Positive,0.8774822950363159,3.8641549560020256,6.45,4.14,5
black,337,8.932978819524262e-18,0.07468886242183777,0.07468886242183777,0.07468886242183777,1.2799999999999998,VERB,ROOT,heard,59,2,hear,whole adult life You sound white I'd heard that I'd heard,Very Positive,0.5154095888137817,4.452154585714663,6.68,3.62,4
black,346,2.875962207752985e-17,0.23682554006164938,0.23682554006164938,0.23682554006164938,0.3398,ADJ,amod,girl,61,5,white,I'd heard Oh you sound white You sound like a white,Very Positive,0.34357932209968567,3.941759813814696,6.18,3.35,5
black,361,-3.9222333772692665e-18,0.29493282095716095,0.29493282095716095,0.29493282095716095,0.7110000000000001,ADJ,acomp,were,64,5,black,but I had never ever heard I knew you were black,Very Negative,0.464082270860672,3.932778070060551,5.4,3.58,5
black,368,5.2164772288350804e-17,0.17616650308172987,0.17616650308172987,0.17616650308172987,1.079,NOUN,pobj,about,65,7,debate,knew you were black So he tells me about this debate,Neutral,0.3684679865837097,2.6766936096248664,4.95,4.86,6
black,373,1.096099468953306e-17,0.16419225765832454,0.16419225765832454,0.16419225765832454,0.6318,VERB,ccomp,tells,66,4,go,he tells me about this debate apparently that had been going,Negative,0.5262699127197266,5.286559753980304,6.32,4.86,2
black,380,0.42173032948898714,-0.21765619472153364,0.6258044642564405,0.6258044642564405,0.7706000000000001,ADV,advmod,started,67,3,first,that had been going on in St Louis when I first,Neutral,0.3716577887535095,4.632153483510633,7.33,4.9,5
black,383,0.03483164340826222,0.030983955903213633,0.10064724271973804,0.10064724271973804,1.0508,NOUN,nsubj,told,68,1,people,going on in St Louis when I first started here People,Positive,0.5063655376434326,4.750145688538127,5.7,3.77,6
black,390,9.655644191231138e-17,0.8486549677030304,0.8486549677030304,0.8486549677030304,0.5292,ADJ,amod,man,68,8,white,first started here People told him Oh no no she's white,Positive,0.5002429485321045,3.941759813814696,6.18,3.35,5
black,393,-1.0709065499075585e-17,0.37836885769289497,0.37836885769289497,0.37836885769289497,0.3234,ADJ,acomp,'s,69,2,white,People told him Oh no no she's white man she's white,Very Negative,0.27942153811454773,3.941759813814696,6.18,3.35,5
black,395,-0.005181842693441898,0.02270956435053104,0.012345878963647241,0.012345878963647241,0.4386,VERB,ccomp,told,69,4,sound,him Oh no no she's white man she's white she sounds,Very Positive,0.5100497007369995,3.8641549560020256,6.45,4.14,5
black,401,-1.1893679539384284e-17,0.17162662100767834,0.17162662100767834,0.17162662100767834,1.1614,VERB,conj,sounds,69,9,convince,man she's white she sounds white she's white and he convinced,Positive,0.3435512185096741,2.9804578922761,5.45,4.39,8
black,404,0.33386841595430555,-0.11169741571412718,-0.11169741571412718,0.5560394161944838,1.8354000000000004,VERB,conj,sounds,69,12,meet,she sounds white she's white and he convinced having never met,Positive,0.2674519121646881,4.254475567803871,6.09,3.71,4
black,409,5.305550846232406e-17,0.3848103291512235,0.3848103291512235,0.3848103291512235,0.4266,ADJ,acomp,was,69,17,black,and he convinced having never met me that I was black,Very Positive,0.315750390291214,3.932778070060551,5.4,3.58,5
black,417,2.258948577862231e-17,0.24417474008121567,0.24417474008121567,0.24417474008121567,0.5071999999999999,ADJ,acomp,was,72,4,right,I was black Well as it turns out he was right,Very Negative,0.3978618085384369,5.310542504215177,7.32,5.0,5
black,421,-4.698145190911431e-19,0.30595143521549056,0.30595143521549056,0.30595143521549056,0.9706,ADJ,acomp,am,74,4,black,as it turns out he was right I I am black,Negative,0.2623756229877472,3.932778070060551,5.4,3.58,5
black,431,3.985892384736692e-17,0.2948606134005399,0.2948606134005399,0.2948606134005399,0.9334,NOUN,pobj,with,76,4,head,black But this whole debate sort of messed with my head,Negative,0.52244633436203,4.277563376055919,5.86,4.45,4
black,441,0.0056630941162696714,0.10420201806278238,0.11552820629532173,0.11552820629532173,1.2376,NOUN,attr,am,78,4,market,head a little bit I thought here I am major market,Negative,0.7965601086616516,3.266936911159173,6.21,3.55,6
black,446,1.0495840481607539e-16,0.6234211862454866,0.6234211862454866,0.6234211862454866,1.5681999999999998,NOUN,pobj,of,78,9,dream,thought here I am major market fantastic job of my dreams,Very Positive,0.5562452673912048,3.832445041174111,7.43,4.37,5
black,462,0.007151430697644902,0.06880746131556,0.0013338522181742332,0.08311032271084978,1.2914,VERB,ROOT,hatch,80,3,hatch,who I am all of who I am So I hatch,Very Negative,0.751555323600769,2.816241299991783,5.26,4.9,5
black,470,-0.08350263868282526,0.1865147657833309,0.1865147657833309,0.01950948841768037,0.5238,VERB,ROOT,tell,81,5,tell,So I hatch the secret plan This mission I didn't tell,Very Negative,0.6417765617370605,4.94423584379348,5.27,3.86,4
black,476,-2.702054996269347e-17,0.23455797716781476,0.23455797716781476,0.23455797716781476,0.4484,VERB,ROOT,going,82,3,go,This mission I didn't tell anybody about it I am going,Negative,0.5855342149734497,5.286559753980304,6.32,4.86,2
black,483,0.33703770844552605,0.19365675414298936,0.8677321710340413,0.8677321710340413,0.3056,NOUN,pobj,on,84,5,air,it I am going to start dropping hints on the air,Negative,0.5759831666946411,3.850707485374537,6.71,3.25,3
black,496,0.39191678914497374,-0.07737211226149113,0.7064614660284562,0.7064614660284562,0.6248,ADJ,amod,hint,86,4,first,so people will know who I am And so my first,Very Positive,0.7973028421401978,4.632153483510633,7.33,4.9,5
black,504,-0.1768254747720176,0.3690240121618911,0.01537306261785588,0.01537306261785588,0.9724,VERB,relcl,article,88,2,read,so my first hint is me discussing an article I'd read,Neutral,0.4857456684112549,4.090011024007147,6.73,3.7,4
black,507,-3.0655719758287807e-17,0.2348752038693929,0.2348752038693929,0.2348752038693929,0.8078,NOUN,pobj,in,88,5,magazine,hint is me discussing an article I'd read in Essence magazine,Neutral,0.8652507662773132,3.228913405994688,6.24,4.2,8
black,528,5.176798620639069e-17,0.6538230225014477,0.6538230225014477,0.6538230225014477,0.653,VERB,ccomp,think,93,4,know,targets African-American women and so I think surely now they know,Positive,0.34939154982566833,5.465057008380561,6.82,3.24,4
black,534,1.9585573637679985e-17,0.19396453047587983,0.19396453047587983,0.19396453047587983,1.3904,VERB,xcomp,got,96,2,know,think surely now they know They know They got to know,Positive,0.2655717730522156,5.465057008380561,6.82,3.24,4
black,540,0.3080289630528993,0.05599884888516082,0.6720567749909593,0.6720567749909593,1.0444,NOUN,pobj,to,97,5,rest,know They got to know now Debate put to a rest,Positive,0.5073480010032654,4.035909798456609,7.86,2.29,4
black,547,0.047621466210384066,-0.20243091767365118,-0.2079229080362237,-0.10718798525288303,1.1232,NOUN,pobj,about,98,7,town,put to a rest So I am now all about town,Negative,0.24267840385437012,4.101918833680424,5.59,3.81,4
black,562,0.1907979839969463,0.5136778098510136,0.8952737778449062,0.8952737778449062,0.7806,NOUN,compound,store,101,4,grocery,to recognize me just from my voice I'm at the grocery,Positive,0.5101729035377502,2.44870631990508,6.62,3.48,7
black,567,0.043802207402104505,-0.26185367762990314,-0.17424926282569408,-0.17424926282569408,1.2946000000000002,NOUN,dobj,chasing,101,9,kid,my voice I'm at the grocery store I'm chasing my kids,Positive,0.7445316314697266,4.238046103128795,7.23,4.71,3
black,572,0.2245255657954273,-0.3776106347713783,0.07144049681947628,0.07144049681947628,0.44,NOUN,pobj,at,101,14,zoo,grocery store I'm chasing my kids at the St Louis zoo,Neutral,0.5503823161125183,2.8432327780980096,7.0,5.63,3
black,576,0.012778485875116652,0.03236954547082207,0.05792651722105537,0.05792651722105537,1.3008,NOUN,nsubj,recognizing,103,1,people,my kids at the St Louis zoo yelling at them people,Positive,0.3841841518878937,4.750145688538127,5.7,3.77,6
black,580,9.8617772859927e-18,0.1464005674493085,0.1464005674493085,0.1464005674493085,0.9534,NOUN,dobj,recognizing,103,5,voice,St Louis zoo yelling at them people are recognizing my voice,Positive,0.7295200824737549,3.642958879409791,6.5,3.25,5
black,588,0.3370377084455261,0.18155576097364326,0.8556311778646952,0.8556311778646952,0.4102,NOUN,pobj,on,105,6,air,recognizing my voice I'm gonna drop another hint on the air,Positive,0.8381388187408447,3.850707485374537,6.71,3.25,3
black,598,-2.7624145755359075e-18,0.051307275469200046,0.051307275469200046,0.051307275469200046,1.327,VERB,xcomp,described,108,1,try,air I'm enjoying the secret mission And so I described trying,Positive,0.8460682034492493,4.3858742739041965,5.64,4.0,3
black,609,9.64838530572776e-17,0.6497435519414992,0.6497435519414992,0.6497435519414992,1.2468,VERB,xcomp,got,111,2,know,to make my mother's collard greens Boom They got to know,Positive,0.6608007550239563,5.465057008380561,6.82,3.24,4
black,619,4.900354413843662e-17,0.2788307296534942,0.2788307296534942,0.2788307296534942,0.3944,NOUN,attr,'m,113,8,woman,know They got to know now that I'm a black woman,Positive,0.398077130317688,4.3457069212784285,7.09,3.8,5
black,638,0.32540661165883417,0.12240887846682885,-0.1430088936778708,0.7732221017844969,0.3268,ADJ,amod,group,114,19,small,an education panel discussion after it's over I'm in a small,Neutral,0.8267195224761963,3.804412059137714,5.76,3.43,5
black,645,8.616469613819833e-18,0.18889845173347783,0.18889845173347783,0.18889845173347783,0.4034,VERB,conj,'m,116,2,talk,I'm in a small group of people and we are talking,Neutral,0.5159361958503723,4.639546250452347,6.64,3.38,4
black,663,-0.031327564235436076,-0.1538183961924057,-0.21647352466327777,-0.21647352466327777,0.633,NOUN,pobj,for,118,6,people,to me and he says You speak well for your people,Positive,0.8384788036346436,4.750145688538127,5.7,3.77,6
black,670,-0.27486003965924505,0.23414171368290262,-0.31557836563558744,-0.31557836563558744,0.484,VERB,ccomp,feel,120,4,say,well for your people I could feel what you just said,Positive,0.8735800981521606,4.92236209678479,5.91,4.43,3
black,673,-1.6608441771040385e-18,0.05756637429619301,0.05756637429619301,0.05756637429619301,0.5224,VERB,ROOT,feel,121,3,feel,people I could feel what you just said I could feel,Positive,0.29356732964515686,4.505014240084107,6.27,4.05,4
black,677,0.38200205623496786,-0.10927961657105828,0.6547244958988774,0.6547244958988774,0.9128,NOUN,pobj,in,121,7,stomach,what you just said I could feel it in my stomach,Negative,0.608677327632904,3.237040791379191,4.53,3.76,7
black,681,0.31841434532281643,-0.0427771223887419,-0.1439263370159153,0.5940515682568909,0.6000000000000001,NOUN,pobj,to,122,4,heart,I could feel it in my stomach rising to my heart,Negative,0.42162495851516724,4.095308861385381,6.95,5.07,5
black,687,0.2748600396592451,-0.06145006486069266,0.48827001445779744,0.48827001445779744,0.4402,VERB,conj,feel,121,9,say,stomach rising to my heart to my throat and I said,Very Negative,0.6403490900993347,4.92236209678479,5.91,4.43,3
black,696,0.3759323031265134,0.08764347843718423,0.8395080846902108,0.8395080846902108,0.3818,VERB,ccomp,are,124,2,refer,I said to him well well what people are you referring,Positive,0.8814170360565186,2.574031267727719,5.18,4.09,5
black,707,4.31826619651432e-18,0.08625868799051413,0.08625868799051413,0.08625868799051413,0.7116,VERB,ROOT,know,127,3,know,to Now mhm I knew what he meant We all know,Very Positive,0.40996140241622925,5.465057008380561,6.82,3.24,4
black,713,9.071953849416867e-17,0.614540978372895,0.614540978372895,0.614540978372895,1.4876,VERB,conj,know,127,5,want,he meant We all know what he meant but I wanted,Very Positive,0.37740984559059143,5.148352740207044,6.0,5.29,4
black,724,5.081158851318891e-17,0.27582165841827805,0.27582165841827805,0.27582165841827805,0.2205999999999999,VERB,ROOT,wanted,131,2,want,him to say it out of his own mouth I wanted,Positive,0.34849652647972107,5.148352740207044,6.0,5.29,4
black,727,1.7288837655665217e-18,0.05784419788237777,0.05784419788237777,0.05784419788237777,0.3772,VERB,ccomp,wanted,132,3,say,it out of his own mouth I wanted him to say,Negative,0.45298466086387634,4.92236209678479,5.91,4.43,3
black,731,4.3947609882324716e-17,0.47239878258004625,0.47239878258004625,0.47239878258004625,0.7332000000000001,VERB,conj,wanted,131,4,say,own mouth I wanted him to say it and he said,Positive,0.7045971155166626,4.92236209678479,5.91,4.43,3
black,734,0.45083900189724163,-0.3934446984146212,-0.3934446984146212,0.5082333053798619,0.8598000000000001,VERB,ROOT,know,134,2,know,wanted him to say it and he said it You know,Positive,0.7353489995002747,5.465057008380561,6.82,3.24,4
black,744,-0.04424143839996558,0.23440920194086887,0.05260854535067811,0.14592632514093767,0.3776,VERB,ROOT,threatening,137,3,threaten,know black people So now it's really gurgling It is threatening,Negative,0.5515449047088623,2.639486489268586,2.6,6.05,8
black,751,1.514949470916657e-17,0.14322635479727386,0.14322635479727386,0.14322635479727386,0.523,NOUN,pobj,of,138,7,mouth,gurgling It is threatening to come spewing out of my mouth,Negative,0.6837131381034851,3.7264011621029214,5.59,4.14,5
black,754,3.170241830129202e-17,0.24542406685318932,0.12877127629442667,0.24542406685318932,0.4774,ADJ,acomp,am,139,3,embarrassed,threatening to come spewing out of my mouth I am embarrassed,Negative,0.6637951135635376,3.039017321997412,3.51,5.38,11
black,768,9.066264580453144e-17,0.4157173592502887,0.4157173592502887,0.4157173592502887,0.8644000000000001,VERB,ROOT,dare,142,2,dare,standing around and they're hearing this and I'm angry How dare,Positive,0.6859158873558044,3.4513258084895195,4.67,5.6,4
black,799,0.08415554719547769,0.46550438056858195,-0.11250617433078082,0.6338154749595372,0.8108000000000001,NOUN,nsubj,speaks,150,2,father,had any training She said Well I said Nope My father,Very Negative,0.5998395681381226,4.451479405124862,6.88,3.68,6
black,828,-5.5857127313806e-17,-0.14695021701780653,-0.06391739491148456,-0.14695021701780653,1.1924,ADJ,advmod,old,153,10,little,God-given talent no training no classes none of that just little,Very Negative,0.6587921380996704,4.867862121672578,5.91,4.2,6
black,845,-0.03528564533975571,0.04292793628482372,-0.02764335439468768,-0.02764335439468768,0.5237999999999999,NOUN,pobj,in,157,5,drop,the secret mission so I decide to engage in a drop,Neutral,0.4944312870502472,3.823604628355158,4.23,4.67,4
black,848,1.3067769449656895e-17,0.4028373624929475,0.4028373624929475,0.4028373624929475,0.2124,NOUN,dobj,engage,157,8,moment,so I decide to engage in a drop the mic moment,Neutral,0.45986470580101013,3.979548374704095,6.1,4.05,6
black,856,8.709347869794839e-18,0.12663686633962104,0.12663686633962104,0.12663686633962104,0.4046,VERB,advcl,'s,159,3,drop,the mic moment It's closer to Thanksgiving now when I drop,Positive,0.7296053767204285,3.823604628355158,4.23,4.67,4
black,868,8.576868059151467e-17,0.7832798249733756,0.7832798249733756,0.7832798249733756,0.2024,NOUN,pobj,of,159,14,recipe,hint and I describe again um one of my mother's recipes,Very Positive,0.42096254229545593,2.589949601325708,6.85,4.45,6
black,871,0.4325908724096512,-0.2181041214993417,0.6470776233199608,0.6470776233199608,0.4408,NOUN,pobj,for,159,17,dress,describe again um one of my mother's recipes for cornbread dressing,Neutral,0.4091202914714813,3.648164778574001,6.42,4.73,5
black,874,0.03825963894104529,0.2322758604444051,0.3087951383264956,0.3087951383264956,0.4859999999999999,VERB,conj,drop,159,19,take,one of my mother's recipes for cornbread dressing and I took,Neutral,0.3991944491863251,4.984275214375496,4.82,4.52,4
black,919,0.07754331462934667,0.016491490162017397,0.22021262988712842,0.1715781194207107,0.9224,VERB,ROOT,go,170,3,go,mic moment they got to know I'm through I can go,Positive,0.7434180378913879,5.286559753980304,6.32,4.86,2
black,935,5.2640165820963167e-17,0.880679712514854,0.880679712514854,0.880679712514854,0.6728000000000001,NOUN,pobj,on,173,5,air,black They know I'm black now And so on the air,Very Positive,0.5333425998687744,3.850707485374537,6.71,3.25,3
black,970,-0.0029239276941126504,-0.010641623644051757,0.16279222519129327,-0.016489479032277054,0.4492,NOUN,dobj,had,179,5,touch,had a single strand of pearls They both had a touch,Neutral,0.7839687466621399,3.877083256650651,6.64,4.9,5
black,981,5.3081449244127503e-17,0.3449380030024183,0.3449380030024183,0.3449380030024183,0.2287999999999999,NOUN,pobj,by,179,15,hand,of makeup and one of them took me by each hand,Neutral,0.7984436750411987,4.154210882206974,5.9,3.98,4
black,998,8.354911763095154e-18,0.25771650826163023,0.25771650826163023,0.25771650826163023,0.3419999999999999,VERB,conj,had,179,23,say,the other leaned in so she could hear and she said,Positive,0.4414321184158325,4.92236209678479,5.91,4.43,3
black,1004,-1.6252914408095077e-17,0.4952964389427912,0.4952964389427912,0.4952964389427912,0.7929999999999999,ADJ,acomp,are,179,29,proud,could hear and she said to me We are so proud,Positive,0.4969298839569092,3.63002085111341,7.0,5.55,5
black,1009,0.04808546507268196,0.028357803772100065,0.08426967943546788,0.12452873391746398,0.8004,VERB,ROOT,got,185,3,get,to me We are so proud of you And I got,Positive,0.5054040551185608,5.3687943501614095,6.09,3.67,3
black,1017,1.1829468129596583e-18,0.052550381305853426,0.052550381305853426,0.052550381305853426,0.1806,VERB,ROOT,knew,186,3,know,And I got a lump in my throat And I knew,Very Negative,0.36042332649230957,5.465057008380561,6.82,3.24,4
black,1030,8.352444315908684e-18,0.08524930556923795,0.08524930556923795,0.08524930556923795,0.8878,VERB,ROOT,making,189,6,make,meant They're looking at me this young talented black woman making,Positive,0.6324303150177002,4.849886014263404,6.09,3.67,4
black,1035,-0.002337071354328301,0.011230125653867615,-0.05304881062007879,0.006555982945211009,0.5578,ADJ,amod,station,189,11,big,this young talented black woman making her mark on this big,Positive,0.5063303709030151,4.541891125096001,5.64,4.33,3
black,1043,-1.3622241317103295e-18,-0.05154141971780158,-0.05154141971780158,-0.05154141971780158,0.5348,VERB,ROOT,looking,190,3,look,on this big radio station in St Louis But I'm looking,Positive,0.510578453540802,4.9970017280413215,5.95,3.76,4
black,1048,0.14609420089757388,-0.0003942699332471743,0.29179413186190056,0.29179413186190056,0.4404,VERB,ROOT,seen,191,3,see,in St Louis But I'm looking at them They have seen,Negative,0.40433961153030396,5.115257608061224,6.27,3.9,3
black,1062,7.368906668470114e-17,0.61488350848449,0.61488350848449,0.61488350848449,0.7572,VERB,xcomp,have,195,2,see,than I will ever see or experience or have to see,Neutral,0.898840606212616,5.115257608061224,6.27,3.9,3
black,1066,0.24983502262752447,-0.3242848370222731,0.17538520823277573,0.17538520823277573,0.9142,VERB,ROOT,looking,196,2,look,see or experience or have to see or experience I'm looking,Neutral,0.9150396585464478,4.9970017280413215,5.95,3.76,4
black,1068,1.4586465451261559e-19,0.0004689380958240198,0.0004689380958240198,0.0004689380958240198,0.6498,NOUN,pobj,at,196,4,history,experience or have to see or experience I'm looking at history,Neutral,0.9294840097427368,3.631545227834309,6.0,3.38,7
black,1075,0.32198641289403623,0.18588895807725722,0.8298617838653293,0.8298617838653293,0.349,VERB,conj,looking,196,10,feel,I'm looking at history in its face and I can feel,Positive,0.6940326690673828,4.505014240084107,6.27,4.05,4
black,1082,0.008492684003701156,-0.002386345948915017,0.006412410389283992,0.014599022058487293,0.2714,NOUN,pobj,in,198,6,debate,and I can feel it One day we're in this debate,Positive,0.7212305068969727,2.6766936096248664,4.95,4.86,6
black,1085,0.3370377084455261,0.1586457966964896,0.8327212135875416,0.8327212135875416,0.286,NOUN,pobj,on,198,9,air,feel it One day we're in this debate on the air,Positive,0.5624797940254211,3.850707485374537,6.71,3.25,3
black,1094,0.0734055713833273,0.04991195973342342,0.19672310250007796,0.19672310250007796,0.0838,NOUN,attr,was,200,4,controversy,the air We were talking about a it was a controversy,Neutral,0.7042306065559387,1.9242792860618816,3.21,6.09,11
black,1100,-0.03553287487195252,0.16764134022802804,0.09657559048412297,0.09657559048412297,0.4547999999999999,VERB,ROOT,decided,201,6,decide,a it was a controversy An organization one of many decided,Neutral,0.2899194061756134,3.4102709642521845,6.28,3.1,6
black,1125,0.010569147093240642,-0.039006714459102886,-0.039006714459102886,-0.0178684202726216,0.545,NOUN,dobj,protesting,205,5,lack,the traffic and shut it down They were protesting the lack,Negative,0.5841132402420044,2.957128197676813,3.68,2.24,4
black,1133,-0.01965436244799533,0.055451395761692564,0.016142670865701907,0.016142670865701907,0.4064,NOUN,nsubj,was,206,3,one,protesting the lack of minority jobs in construction And so one,Negative,0.49235549569129944,5.195027421937368,6.09,2.67,3
black,1136,0.1448711237669611,-0.018113034365718008,0.2716292131682041,0.2716292131682041,0.2445999999999999,NOUN,pobj,of,206,6,organization,of minority jobs in construction And so one of the organizations,Neutral,0.5582168102264404,2.8254261177678237,5.71,3.09,12
black,1147,0.4419853956138413,-0.18785092083573235,0.6961198703919502,0.6961198703919502,0.9036,NOUN,pobj,from,208,6,time,that was involved was one I knew of from the time,Positive,0.7566307783126831,4.9995263608344604,5.6,3.41,4
black,1159,4.732748006376595e-18,0.05888074036544813,0.05888074036544813,0.05888074036544813,0.5058,NOUN,pobj,at,206,14,time,lived in Kansas City Missouri but my co-host at the time,Negative,0.6977819800376892,4.9995263608344604,5.6,3.41,4
black,1178,0.3652106011242182,-0.27072558473574126,0.45969561751269516,0.45969561751269516,0.9954,VERB,ROOT,thinking,211,3,think,was truly dismissive and I was truly frustrated And I'm thinking,Very Negative,0.8134346008300781,5.137550322564531,6.68,3.75,5
black,1182,0.1022797201196794,-0.05411803235469801,0.15044140788466073,0.15044140788466073,0.9440000000000002,NOUN,compound,moment,211,7,movement,I was truly frustrated And I'm thinking this is a movement,Very Negative,0.3605941832065582,2.8796692056320534,6.58,4.0,8
black,1187,0.2068561261149009,0.0001629930117843422,0.4138752452415861,0.4138752452415861,0.9718,NOUN,attr,is,211,12,moment,I'm thinking this is a movement moment this is a moment,Neutral,0.39555996656417847,3.979548374704095,6.1,4.05,6
black,1191,-0.003180939847471969,0.01602921138524845,0.2010439498385123,0.009667331690304507,0.5552,VERB,relcl,moment,212,4,educate,a movement moment this is a moment where you either educate,Neutral,0.6884295344352722,2.0211892990699383,7.48,4.36,7
black,1202,3.0601804799432154e-17,0.20805487212291104,0.20805487212291104,0.20805487212291104,0.2372,NUM,dobj,do,215,3,three,or chastise or enlighten I think I'm gonna do all three,Neutral,0.7965015172958374,4.4417736628051845,5.43,3.38,5
black,1217,0.4595962041742698,-0.15772957356501058,0.7614628347835288,0.7614628347835288,1.0608,ADJ,pobj,of,217,5,new,thinking and I am also worried I'm still kind of new,Negative,0.5955023169517517,4.567191107883383,7.68,5.14,3
black,1227,1.2873357625758834e-16,0.831866891437663,0.831866891437663,0.831866891437663,1.2572,ADJ,acomp,'m,218,9,black,new here I'm still young I'm I'm a woman I'm black,Very Positive,0.5109291076660156,3.932778070060551,5.4,3.58,5
black,1236,0.03325469190921746,-0.04378128500651544,0.022728098811919468,0.022728098811919468,0.6846,NOUN,pobj,about,218,18,stereotype,I'm black and I'm pregnant and I'm worried about the stereotype,Negative,0.5037988424301147,1.568201724066995,3.33,4.26,10
black,1239,-0.026718335119858858,0.04553393231579259,0.04553393231579259,-0.007902737923925124,0.6022,ADJ,amod,woman,218,21,angry,I'm pregnant and I'm worried about the stereotype of the angry,Negative,0.6616145372390747,3.4784221877400805,2.53,6.2,5
black,1251,0.28554277575003284,0.1387411797557869,0.7098267312558525,0.7098267312558525,0.8226000000000001,VERB,ccomp,worried,220,4,speak,woman and and yet I'm also worried that I don't speak,Very Negative,0.5341420769691467,3.979866922564903,5.91,4.19,5
black,1264,-0.04948346679638127,0.23276025330094016,0.11180721705226919,0.1337933197081775,0.873,VERB,ROOT,dive,222,3,dive,about black issues I'm thinking all of this And I dive,Neutral,0.35572925209999084,2.816241299991783,5.81,3.79,4
black,1273,9.943482780049023e-18,0.07834242494268195,0.07834242494268195,0.07834242494268195,0.367,VERB,ccomp,said,224,2,know,I dive right in and I said to him You know,Positive,0.7358782887458801,5.465057008380561,6.82,3.24,4
black,1277,-0.01363942722912959,0.061557966320423436,0.061557966320423436,0.034279111862164244,0.3494,ADJ,amod,pages,224,6,yellow,and I said to him You know they're in the yellow,Positive,0.3176901340484619,3.2367890994092927,6.09,3.83,6
black,1281,-2.6217609141191137e-17,0.7511617081066939,0.7511617081066939,0.7511617081066939,0.259,VERB,ccomp,been,225,3,look,him You know they're in the yellow pages You can look,Positive,0.5112946629524231,4.9970017280413215,5.95,3.76,4
black,1284,-0.1434906482923822,0.3381694473598536,0.061191922395478944,0.051188150775089154,0.2204,ADV,advmod,now,225,6,right,they're in the yellow pages You can look them up right,Positive,0.47441887855529785,5.310542504215177,7.32,5.0,5
black,1311,-0.412975790464229,0.7606194005028112,0.7606194005028112,-0.06533218042564674,0.5072000000000001,VERB,conj,turned,231,1,leave,and we ended that conversation turned the mics off and left,Negative,0.47644278407096863,4.4563204753743735,4.68,4.48,5
black,1318,0.14006465714990576,0.13185493421058345,0.4119842485103949,0.4119842485103949,1.3805999999999998,NOUN,npadvmod,ago,232,5,week,mics off and left the studio Now just a few weeks,Negative,0.8732554316520691,4.085112113266837,5.27,3.33,4
black,1325,0.2871546921673961,0.04597881379534452,0.6202881981301366,0.6202881981301366,0.2632,NOUN,pobj,to,232,12,house,just a few weeks ago a gentleman came to our house,Negative,0.7420819401741028,4.418549862049742,7.19,3.95,5
black,1328,0.005383700159315544,0.07846837520569612,-0.06898990521738983,0.0892357755243272,0.1212,NOUN,compound,call,232,15,service,weeks ago a gentleman came to our house for a service,Neutral,0.3461792767047882,3.6103407114521566,6.83,2.95,7
black,1336,5.832056357801964e-18,0.1829476253590273,0.1829476253590273,0.1829476253590273,0.5214000000000001,NOUN,pobj,of,233,7,car,for a service call to repair the windshield of my car,Neutral,0.8284674286842346,4.391587823509949,6.63,4.04,3
black,1343,0.18729123912381812,0.15696474507277516,0.5315472233204114,0.5315472233204114,0.1056,NOUN,pobj,in,234,7,driveway,windshield of my car It's right in there in the driveway,Neutral,0.6002785563468933,2.53655844257153,4.57,3.38,8
black,1358,-0.45147454953434585,0.7921297223496491,-0.11081937671904253,-0.11081937671904253,0.0914,NOUN,dobj,have,238,4,friend,and he said to me You know I have a friend,Positive,0.5723307132720947,4.33010925459283,6.79,4.29,6
black,1369,-0.028441155417354966,0.11251730342309778,0.1115715850699603,0.05563499258838783,0.7518,NOUN,compound,lady,241,3,news,who lives over here and he told me that that news,Positive,0.4738771319389343,3.9242792860618816,4.96,4.61,4
black,1376,2.373427407140377e-18,0.05142173092755342,0.05142173092755342,0.05142173092755342,0.5652,VERB,ROOT,know,242,3,know,me that that news lady lives over here Do you know,Very Positive,0.5959559082984924,5.465057008380561,6.82,3.24,4
black,1380,5.0543095558166e-19,0.08128550045665885,0.08128550045665885,0.08128550045665885,1.1666,VERB,ROOT,said,243,3,say,lady lives over here Do you know her And I said,Very Positive,0.47071608901023865,4.92236209678479,5.91,4.43,3
black,1388,-3.4040256830347817e-18,0.11595632126108173,0.11595632126108173,0.11595632126108173,0.8311999999999999,VERB,parataxis,said,246,2,say,And I said pausing feeling pride and trepidation and I said,Negative,0.7248926162719727,4.92236209678479,5.91,4.43,3
black,1394,0.1283882277092806,0.10902667807728933,-0.5525738625508826,0.3658031334958505,1.0292,NOUN,attr,am,247,4,woman,and trepidation and I said Well I I am that woman,Positive,0.45795825123786926,4.3457069212784285,7.09,3.8,5
black,1408,0.33597996307329187,-0.18373493542105881,0.4882249907255247,0.4882249907255247,0.3174,VERB,ROOT,looking,252,2,look,I'm Carol Daniel And and there it is again He's looking,Positive,0.8257433176040649,4.9970017280413215,5.95,3.76,4
black,1412,0.020426885662641694,-0.07602340052893831,-0.03516962920365494,-0.03516962920365494,0.336,VERB,ROOT,sizing,253,2,size,and there it is again He's looking at me He's sizing,Positive,0.6636381149291992,3.371806458507416,5.61,3.14,4
black,1416,0.017635390223890608,0.03210385897422163,0.12427913966919045,0.06737463942200284,0.6801999999999999,VERB,ROOT,sized,254,2,size,again He's looking at me He's sizing me up He sized,Positive,0.7938516139984131,3.371806458507416,5.61,3.14,4
black,1421,3.0560936884244693e-17,0.8457484765172084,0.8457484765172084,0.8457484765172084,1.2754,NOUN,pobj,in,254,7,driveway,He's sizing me up He sized me up in my driveway,Positive,0.788044810295105,2.53655844257153,4.57,3.38,8
black,1430,1.7867488753746176e-16,0.8775933608888208,0.8775933608888208,0.8775933608888208,0.164,ADJ,acomp,was,256,6,white,my driveway and I thought Did he think I was white,Negative,0.32708272337913513,3.941759813814696,6.18,3.35,5
black,1436,0.19624107948270197,0.026180308283059412,0.4186624672484633,0.4186624672484633,0.3462,VERB,xcomp,surprised,259,2,find,he think I was white Is he surprised now to find,Negative,0.5769315958023071,4.627160952374775,6.45,3.52,4
black,1440,1.0015455840009254e-17,0.3167137601005702,0.3167137601005702,0.3167137601005702,0.1124,ADJ,acomp,'m,259,6,black,white Is he surprised now to find out that I'm black,Negative,0.44651415944099426,3.932778070060551,5.4,3.58,5
black,1445,0.054092385494855656,-0.023970776647213383,0.10949008032604839,0.08421399434249792,0.6242,NOUN,npadvmod,thought,260,5,debate,to find out that I'm black And I thought the debate,Neutral,0.4545370638370514,2.6766936096248664,4.95,4.86,6
black,1454,0.3512723018295883,0.08854364005557158,0.7910882437147481,0.7910882437147481,0.4396,NOUN,pobj,in,260,14,form,the debate apparently the debate is still there in some form,Negative,0.6686529517173767,3.3386556655787003,5.64,3.85,4
black,1456,0.43384399008619395,-0.06887750888823134,-0.1509396160689278,0.7988104712841565,0.4424,NOUN,attr,is,260,16,fashion,apparently the debate is still there in some form or fashion,Negative,0.7527475953102112,2.9813655090785445,5.26,5.25,7
black,1476,-1.5358142329627032e-17,0.22990574310128895,0.22990574310128895,0.22990574310128895,0.5075999999999999,NOUN,pobj,at,263,6,stake,really do anything about it There's a lot more at stake,Negative,0.8283900618553162,2.9283958522567137,4.78,3.42,5
black,1496,-0.053080924750424203,0.13219483452049366,0.026032985019645283,0.026032985019645283,0.6906000000000001,VERB,ROOT,try,266,3,try,There's a lot more weight in my life I just try,Negative,0.8973435759544373,4.3858742739041965,5.64,4.0,3
black,1507,-0.2833455273627197,0.5788236642024136,0.012132609476974294,0.012132609476974294,0.319,VERB,ccomp,deserve,270,2,know,to not let it weigh me down But this I know,Negative,0.3445703685283661,5.465057008380561,6.82,3.24,4
black,1516,0.33171465997900035,0.17722527760361498,0.8406545975616155,0.8406545975616155,0.8446,NOUN,dobj,deserve,271,4,job,I know I deserve to be here I deserve this job,Positive,0.4866357147693634,4.323540846098012,5.64,4.0,3
black,1530,1.0208766809123992e-17,0.13169714100467309,0.13169714100467309,0.13169714100467309,0.7646,NOUN,dobj,have,274,4,job,have this job because I sound white I have this job,Positive,0.28641048073768616,4.323540846098012,5.64,4.0,3
black,1539,0.3220935956258785,0.11782586566296455,0.7620130569147215,0.7620130569147215,0.3538,VERB,ROOT,Thank,275,1,thank,this job because I am good at what I do Thank,Positive,0.7052005529403687,4.754944316901831,7.77,3.33,5
howtodraw,2,0.10290547192618571,-0.015930967234128703,-0.1299454097411663,0.18987997661824266,0.3126,VERB,advcl,was,1,3,grow,Where I grew,Neutral,0.5069612860679626,3.482158695411276,6.28,2.6,4
howtodraw,14,2.4004649049625543e-17,0.10547695182805623,0.10547695182805623,0.10547695182805623,0.2778,NOUN,dobj,do,3,3,thing,in the South there was a right way to do things,Positive,0.7975897789001465,4.744472923733661,5.55,3.43,5
howtodraw,21,8.480077619024961e-19,0.07011882231222545,0.07011882231222545,0.07011882231222545,0.2424,NOUN,dobj,do,4,3,thing,way to do things and a wrong way to do things,Very Negative,0.5378014445304871,4.744472923733661,5.55,3.43,5
howtodraw,31,9.771999999611049e-18,0.0864079061000629,0.0864079061000629,0.0864079061000629,0.2846,NOUN,nsubj,thought,6,3,family,things and the right way was to do what your family,Positive,0.576751708984375,4.256910081889356,7.25,4.35,6
howtodraw,40,4.085455708348382e-17,0.3957907501892309,0.3957907501892309,0.3957907501892309,0.0388,ADJ,amod,way,8,3,wrong,your family and society thought you should do And the wrong,Negative,0.4647212028503418,4.426169547035326,3.24,5.29,5
howtodraw,56,0.2433364643395473,-0.3479466096375032,0.13872631904159136,0.13872631904159136,0.2405999999999999,VERB,relcl,everything,11,3,suppose,different By age thirty I'd done most everything I was supposed,Positive,0.4739604592323303,3.8073320392911914,5.27,3.33,7
howtodraw,68,1.5806088405241502e-17,0.19379962747345647,0.19379962747345647,0.19379962747345647,0.5314,NOUN,dobj,attended,14,5,college,do I'd overachieved in high school I attended a prestigious college,Negative,0.35150405764579773,3.6379897807846855,6.44,4.0,7
howtodraw,112,5.2397658519265896e-17,0.5861015341253337,0.5861015341253337,0.5861015341253337,0.532,NOUN,nsubj,take,21,2,family,except for moving up north to Boston which caused my family,Negative,0.6222884058952332,4.256910081889356,7.25,4.35,6
howtodraw,122,4.3167491633602926e-17,0.8268053615097473,-0.024021297839955186,0.8268053615097473,0.4993999999999999,NOUN,pobj,on,18,7,track,family to collectively take to their beds I was on track,Positive,0.5157622694969177,3.4539295920577286,5.78,3.76,5
howtodraw,130,0.3781790023915615,-0.0630298337319269,0.6933281710511959,0.6933281710511959,0.176,VERB,ccomp,thought,23,4,look,was on track with what we thought my life should look,Negative,0.514988362789154,4.9970017280413215,5.95,3.76,4
howtodraw,135,-0.30835069634144124,0.6092899022933694,-0.007411490389513146,-0.007411490389513146,0.4131999999999999,ADJ,acomp,was,24,4,happy,we thought my life should look like But I wasn't happy,Negative,0.8871902227401733,4.230295613917047,8.47,6.05,5
howtodraw,142,-6.115444715063742e-18,-0.07526620965016165,-0.07526620965016165,-0.07526620965016165,0.1318,NOUN,attr,was,24,10,career,But I wasn't happy and I thought it was my career,Negative,0.8928893804550171,3.36285930295868,6.11,4.24,6
howtodraw,148,-4.86954799505989e-19,0.006310376258987285,0.006310376258987285,0.006310376258987285,0.4594,VERB,ROOT,expected,26,6,expect,thought it was my career In my family I was expected,Positive,0.3847200572490692,3.724275869600789,5.95,4.86,6
howtodraw,157,6.3529667525634086e-18,0.052883009627014976,0.052883009627014976,0.052883009627014976,0.3922,ADJ,amod,relations,28,5,public,was expected to go into business I had been in public,Positive,0.5095381140708923,3.5594277997594896,5.33,3.35,6
howtodraw,167,-0.08319668590365249,0.021368281417482763,-0.1450250903898222,-0.1450250903898222,0.1204,NOUN,dobj,like,28,14,work,public relations for seven years but I didn't like the work,Negative,0.7475188374519348,4.60959440922522,5.05,4.33,4
howtodraw,179,-3.1550450925633715e-17,-0.18690032209491694,-0.18690032209491694,-0.18690032209491694,0.0914,ADJ,acomp,was,31,9,tired,I mean I was good at it but I was tired,Negative,0.5637208819389343,3.759365621655929,4.29,3.67,5
howtodraw,208,-0.058861004968883364,0.07162390506858186,0.07162390506858186,-0.04609810486918484,0.3523999999999999,VERB,ROOT,quit,35,3,quit,recycling nothing that really blew my skirt up So I quit,Negative,0.5739181637763977,3.662380020016248,3.72,4.05,4
howtodraw,257,8.862354624044598e-18,0.07388574141592584,0.07388574141592584,0.07388574141592584,0.2029999999999999,ADJ,acomp,took,44,3,needlepoint,know or care what the Financial Times was I took needlepoint,Neutral,0.847956657409668,1.462397997898956,5.55,3.2,11
howtodraw,261,-0.09469390916642476,0.3192900613776403,0.1299022430447907,0.1299022430447907,0.4211999999999999,VERB,ROOT,found,45,2,find,the Financial Times was I took needlepoint directing French I found,Neutral,0.3802451491355896,4.627160952374775,6.45,3.52,4
howtodraw,288,3.882390759790366e-17,0.6118987743302647,0.6118987743302647,0.6118987743302647,0.4416,NOUN,pobj,to,48,6,school,Oh well this looks interesting And I went to the school,Negative,0.7240900993347168,4.230193378869045,5.41,4.57,6
howtodraw,291,0.14030842955174472,-0.08417537925386648,0.1964414798496229,0.1964414798496229,0.119,VERB,conj,went,48,8,talk,looks interesting And I went to the school and I talked,Positive,0.9074689745903015,4.639546250452347,6.64,3.38,4
howtodraw,299,7.53742012689351e-17,0.4772372927562468,0.4772372927562468,0.4772372927562468,0.2242,VERB,conj,talked,48,15,ask,and I talked to the Continuing Education Director and I asked,Neutral,0.5895912647247314,4.391658328722475,5.95,3.48,3
howtodraw,307,2.627713613724881e-17,0.22627950406921915,0.22627950406921915,0.22627950406921915,0.555,VERB,ccomp,thought,52,3,take,and I asked him which class he thought I should take,Neutral,0.6140646934509277,4.984275214375496,4.82,4.52,4
howtodraw,333,-1.0274503050869443e-17,0.19921867627659998,0.19921867627659998,0.19921867627659998,0.1951999999999999,ADJ,amod,day,59,3,first,that class all the time I sign up It's my first,Positive,0.4885694682598114,4.632153483510633,7.33,4.9,5
howtodraw,341,1.1538942040909973e-16,0.49462737473952495,0.49462737473952495,0.49462737473952495,0.294,ADJ,dobj,do,60,4,good,It's my first day of art school I do my best,Positive,0.4889933168888092,5.124236784040634,7.89,3.66,4
howtodraw,367,0.024676507901946268,0.06468397698609879,0.11403699278999128,0.11403699278999128,0.7482,VERB,ROOT,introduces,65,5,introduce,are still emblazoned on my chest And our instructor Rhoda introduces,Positive,0.5233869552612305,3.248463717551032,5.91,4.55,9
howtodraw,379,-3.919152213215551e-17,0.8539829261544737,0.8539829261544737,0.8539829261544737,0.3786,NOUN,dobj,make,67,3,art,and she says There is no right way to make art,Negative,0.461582750082016,3.557747741641468,6.85,4.48,3
howtodraw,384,3.048098946996228e-17,0.20785080685266324,0.20785080685266324,0.20785080685266324,0.1656,ADJ,amod,way,65,18,wrong,no right way to make art and there is no wrong,Negative,0.5595076680183411,4.426169547035326,3.24,5.29,5
howtodraw,394,0.35046725987290506,-0.009875861545287702,0.6910586582005221,0.6910586582005221,0.4868,ADJ,oprd,makes,69,6,nervous,wrong way to make art Now this makes me extremely nervous,Very Negative,0.7000865936279297,3.534787358629492,3.56,5.51,7
howtodraw,399,0.040304076558770566,0.029021400666301305,0.029021400666301305,0.10962955378384241,0.3945999999999999,VERB,advcl,makes,70,5,raise,Now this makes me extremely nervous because I have been raised,Very Positive,0.4809718132019043,3.4496326504700745,7.22,5.1,5
howtodraw,404,4.184864536837353e-17,0.2660970269218196,0.2660970269218196,0.2660970269218196,0.5846,ADJ,amod,way,70,10,right,nervous because I have been raised that there is a right,Positive,0.5191954970359802,5.310542504215177,7.32,5.0,5
howtodraw,408,1.1325185723635818e-17,0.07308526286645368,0.07308526286645368,0.07308526286645368,0.2868,ADJ,amod,way,70,14,wrong,been raised that there is a right way and a wrong,Negative,0.6634345650672913,4.426169547035326,3.24,5.29,5
howtodraw,417,2.0609198535117436e-17,0.11324489874343462,0.11324489874343462,0.11324489874343462,0.2294,VERB,parataxis,focus,72,4,say,a wrong way to do most everything And then she says,Very Negative,0.5640451312065125,4.92236209678479,5.91,4.43,3
howtodraw,430,-4.2928673847179553e-17,-0.19855732222620584,0.7502891984393839,-0.19855732222620584,0.3264,NOUN,compound,result,73,13,end,will focus on process the process of art-making not the end,Neutral,0.5154839158058167,4.132259689531044,4.73,3.95,3
howtodraw,455,5.363347588428979e-17,0.4451288509192333,0.4451288509192333,0.4451288509192333,0.5282,ADJ,amod,results,74,10,good,focus on results and not just any results but the best,Positive,0.47333914041519165,5.124236784040634,7.89,3.66,4
howtodraw,490,1.1651294278894948e-16,0.6734193153003444,0.6734193153003444,0.6734193153003444,0.411,NOUN,pobj,with,83,5,basic,need to know that I'm overachieving We start with the basics,Negative,0.7037157416343689,2.9003671286564705,5.5,2.95,5
howtodraw,494,0.07256430436209843,0.028940849002638994,0.17406945772683582,0.17406945772683582,0.2005999999999999,ADJ,amod,life,83,9,entire,I'm overachieving We start with the basics and in my entire,Negative,0.37245139479637146,3.6097011023794,5.67,2.85,6
howtodraw,506,-9.19380548485393e-18,0.13346760304109528,0.13346760304109528,0.13346760304109528,0.2882,NOUN,pobj,in,84,11,hand,I had never held a stick of charcoal in my hand,Very Negative,0.448919415473938,4.154210882206974,5.9,3.98,4
howtodraw,510,0.3218210273536433,-0.03560086549338595,0.6080411892139006,0.6080411892139006,0.2196,ADJ,acomp,feels,84,14,good,a stick of charcoal in my hand and it feels good,Positive,0.8991246223449707,5.124236784040634,7.89,3.66,4
howtodraw,515,8.081005928801607e-17,0.4169211640058376,0.4169211640058376,0.4169211640058376,0.4434,ADJ,amod,week,84,18,first,my hand and it feels good and I survived the first,Positive,0.9179751873016357,4.632153483510633,7.33,4.9,5
howtodraw,519,3.3417212612668706e-17,0.81848750625386,0.011159422673365624,0.81848750625386,0.3034,NOUN,compound,exercises,84,22,art,feels good and I survived the first week of simple art,Positive,0.9204142093658447,3.557747741641468,6.85,4.48,3
howtodraw,533,-0.025128908901713425,-0.05293290780426321,-0.10319072560769005,-0.10319072560769005,0.3506,NUM,nummod,instructors,88,5,three,enjoying myself and the next week Bob one of the three,Positive,0.8393719792366028,4.4417736628051845,5.43,3.38,5
howtodraw,551,1.9887494147182054e-17,0.12708500953453006,0.12708500953453006,0.12708500953453006,0.2756,VERB,ROOT,going,92,3,go,drawings Very fast drawings about forty-five second poses And we're going,Positive,0.7500331997871399,5.286559753980304,6.32,4.86,2
howtodraw,564,0.4194167385332639,-0.12413664136057556,-0.031100727751388526,0.7146968357059521,0.2428,NOUN,pobj,of,93,13,figure,the energy and the movement and the essence of the figure,Neutral,0.9150294065475464,3.8194781283621215,5.09,3.67,6
howtodraw,568,0.36905438253801875,-0.1407475537898077,0.0031490043476437167,0.5973612112862298,0.2557999999999999,VERB,ROOT,thinking,94,4,think,movement and the essence of the figure And I am thinking,Neutral,0.6479923129081726,5.137550322564531,6.68,3.75,5
howtodraw,571,1.8503256674203494e-17,0.09811187960536549,0.3647361939335185,0.09811187960536549,0.4737999999999999,NOUN,nsubj,is,94,7,heck,essence of the figure And I am thinking What the heck,Positive,0.3796456754207611,2.966610986681934,4.29,3.12,4
howtodraw,577,-0.13331215716407643,0.46583822392815283,0.46583822392815283,0.19921390959999977,0.3086,NOUN,nsubj,do,96,2,heck,am thinking What the heck is essence and how the heck,Neutral,0.6520379185676575,2.966610986681934,4.29,3.12,4
howtodraw,584,6.871443425591601e-18,0.07761766019362967,0.010463700909566304,0.07761766019362967,0.1332,NOUN,nsubj,starts,97,3,man,and how the heck do you draw it And a man,Neutral,0.6446438431739807,4.973746513389169,5.42,4.36,3
howtodraw,587,-0.47102960419836637,0.7198695772581121,-0.2221896311386208,-0.2221896311386208,0.6828,NOUN,appos,man,97,6,model,heck do you draw it And a man the artist's model,Very Negative,0.32380610704421997,3.2137832993353044,6.38,3.9,5
howtodraw,598,0.025954441017531856,0.05933498607527674,0.11124386811034044,0.11124386811034044,0.3678,VERB,ccomp,had,99,5,see,starts to undress and I say Well that's okay you've seen,Negative,0.6667861342430115,5.115257608061224,6.27,3.9,3
howtodraw,620,3.937268787604168e-17,0.8309317203574021,0.8309317203574021,0.8309317203574021,0.2746,VERB,ccomp,know,103,3,draw,man before Your problem is you don't know how to draw,Neutral,0.366291344165802,3.314288660947497,6.18,3.6,4
howtodraw,633,1.8334406229987535e-17,0.14104469226341165,0.14104469226341165,0.14104469226341165,0.8146000000000001,VERB,advcl,getting,105,3,draw,man's essence And everybody else apparently does know how to draw,Positive,0.4466395974159241,3.314288660947497,6.18,3.6,4
howtodraw,655,-0.018504520472813223,-0.2391357436049215,-0.2761447845505479,-0.2761447845505479,0.3282,VERB,amod,mediums,108,1,draw,knowingly getting out sheets of paper and charcoal and other drawing,Neutral,0.4012612998485565,3.314288660947497,6.18,3.6,4
howtodraw,668,-0.04735199333120515,0.08933895781776123,-0.021202800447818627,-0.005365028844649073,0.709,ADJ,amod,deer,110,8,proverbial,which they excel And I'm just standing there like the proverbial,Positive,0.4130764305591583,1.7323937598229686,5.32,3.24,10
howtodraw,682,0.0504554243568815,0.1473095326492451,0.8193886058021095,0.24822038136300795,0.2708,ADJ,acomp,am,110,17,clueless,and I begin to watch and imitate because I am clueless,Negative,0.2667282223701477,1.977723605288848,3.5,3.75,8
howtodraw,688,-0.044291779446660025,0.043467159861709126,0.005723377659220282,-0.04511639903161092,0.2612,VERB,ROOT,ask,114,4,ask,imitate because I am clueless but competitive And so I ask,Very Positive,0.3006400167942047,4.391658328722475,5.95,3.48,3
howtodraw,692,0.16867633600490983,0.04870030251113194,0.04870030251113194,0.38605297452095155,0.7350000000000001,VERB,relcl,Judy,115,3,stand,clueless but competitive And so I ask Judy who is standing,Negative,0.3692076802253723,4.062092892630169,5.27,3.1,5
howtodraw,707,-0.13118797708160768,0.14649920228304805,-0.11587675188016726,-0.11587675188016726,0.4532,VERB,ccomp,ask,117,4,suppose,also a mature student I say Judy what are these supposed,Positive,0.733458399772644,3.8073320392911914,5.27,3.33,7
howtodraw,718,1.050023761203329e-17,0.10632910526049323,0.10632910526049323,0.10632910526049323,0.4084,NUM,nummod,way,120,3,one,to look like Because of course I think there's only one,Negative,0.703006386756897,5.195027421937368,6.09,2.67,3
howtodraw,727,-0.06876656652369958,-0.3269103780794619,-0.46444351112686094,-0.46444351112686094,0.3352,VERB,conj,'re,122,1,go,only one right way to do this and we're all gonna,Very Negative,0.7222559452056885,5.286559753980304,6.32,4.86,2
howtodraw,734,2.720261670508556e-18,0.15565582806488976,0.15565582806488976,0.15565582806488976,0.0712,VERB,ROOT,looks,124,3,look,and we're all gonna draw the same image And she looks,Negative,0.4912151098251343,4.9970017280413215,5.95,3.76,4
howtodraw,742,1.167483322536222e-17,-0.23478586057559145,-0.23478586057559145,-0.23478586057559145,0.588,VERB,ccomp,says,126,3,go,And she looks at me bewildered and says They're all going,Positive,0.7009677886962891,5.286559753980304,6.32,4.86,2
howtodraw,753,-2.7192635862579024e-18,0.18607961685065152,0.18607961685065152,0.18607961685065152,0.6008,VERB,xcomp,supposed,131,2,look,to look different I'm paralyzed What is mine supposed to look,Negative,0.742186427116394,4.9970017280413215,5.95,3.76,4
howtodraw,760,0.009600108566569704,0.011138429821865884,-0.00042076762833705036,0.03033864695500529,0.5748,NOUN,compound,presentation,132,6,slide,mine supposed to look like Can't I just do a slide,Negative,0.7295557260513306,2.959041392321093,5.71,3.3,5
howtodraw,766,2.384544160245528e-17,0.22446228052471917,0.22446228052471917,0.22446228052471917,0.2339999999999999,NOUN,pobj,of,132,12,director,I just do a slide presentation for your board of directors,Neutral,0.5301164388656616,3.263636068588108,4.95,3.75,8
howtodraw,779,0.347254890656417,-0.13196639474126906,0.5625433865715649,0.5625433865715649,0.5594,NOUN,attr,are,135,3,thing,a communications audit assess your customer service capabilities These are things,Neutral,0.8774299025535583,4.744472923733661,5.55,3.43,5
howtodraw,789,1.2352582865052776e-16,0.7390569542779976,0.7390569542779976,0.7390569542779976,0.325,VERB,relcl,things,138,3,excel,things I know how to do things in which I excel,Positive,0.4663046598434448,1.57978359661681,5.95,4.85,5
howtodraw,794,0.3708248173455953,0.030268771064866945,0.7719184057560575,0.7719184057560575,0.5222,VERB,xcomp,like,140,2,excel,do things in which I excel and I like to excel,Positive,0.6050745248794556,1.57978359661681,5.95,4.85,5
howtodraw,799,6.84904510104225e-17,0.6496067153873518,0.6496067153873518,0.6496067153873518,0.4834,NOUN,attr,is,141,5,way,excel and I like to excel And there is no way,Very Negative,0.6336840987205505,4.861307347518023,5.91,2.9,3
howtodraw,816,4.729536668076735e-20,-0.0017638934787561603,-0.0017638934787561603,-0.0017638934787561603,0.1594,ADJ,amod,side,147,4,competitive,man's essence And I'm about to cry And then the competitive,Positive,0.49689510464668274,2.3324384599156054,5.45,5.7,11
howtodraw,823,0.2234971705226832,0.0051610879089642875,0.0051610879089642875,0.4521554289543306,0.1334,VERB,parataxis,snap,147,11,say,And then the competitive side of me kicks in and says,Neutral,0.43270719051361084,4.92236209678479,5.91,4.43,3
howtodraw,826,6.8601330705403746e-18,-0.09574897866808148,0.04758680115348255,-0.09574897866808148,0.1833999999999999,VERB,ROOT,snap,148,3,snap,competitive side of me kicks in and says Well just snap,Positive,0.7687035799026489,2.948412965778601,4.42,3.42,4
howtodraw,831,0.4069256742155431,0.03257235128419305,0.8464236997152792,0.8464236997152792,0.3324,ADJ,amod,wimp,148,8,big,in and says Well just snap out of it you big,Positive,0.6757192015647888,4.541891125096001,5.64,4.33,3
howtodraw,838,8.005809654117148e-17,0.7823775747055164,0.7823775747055164,0.7823775747055164,0.5266000000000001,VERB,ROOT,start,151,3,start,of it you big wimp and do something So I start,Positive,0.7099533081054688,4.2391993420543015,6.41,4.81,5
howtodraw,846,4.8034597047225647e-17,0.6042885797487142,0.6042885797487142,0.6042885797487142,0.7186,NOUN,npadvmod,start,151,6,second,So I start making these hopeless stick figures every forty-five seconds,Very Positive,0.29412299394607544,4.161787118745523,5.23,3.48,6
howtodraw,856,0.0,0.0,0.0,0.0,0.6086,NOUN,ROOT,seconds,154,3,second,seconds because that's how fast the poses are Every forty-five seconds,Neutral,0.4299512207508087,4.161787118745523,5.23,3.48,6
howtodraw,860,7.863041750678345e-18,0.07170902149342688,0.07170902149342688,0.07170902149342688,0.3298,NOUN,npadvmod,feel,155,4,second,fast the poses are Every forty-five seconds And every forty-five seconds,Neutral,0.5685115456581116,4.161787118745523,5.23,3.48,6
howtodraw,865,0.008243171229035881,-0.026659000149325554,-0.010172657691253792,-0.010172657691253792,0.2884,ADJ,amod,failure,155,9,total,forty-five seconds And every forty-five seconds I feel like a total,Neutral,0.7763657569885254,3.2835273648616936,5.32,4.25,5
howtodraw,877,0.4634346414615808,-0.14643523396343025,0.08659290090430245,0.7804340489597311,0.6804,NUM,attr,'s,156,2,eighty,which is a lot of times in one hour It's eighty,Negative,0.6478812098503113,2.113943352306837,5.43,3.41,6
howtodraw,880,0.05289978853945745,-0.016912969261516596,0.19658303764582485,0.08888660781739828,0.877,NOUN,nsubj,is,157,3,shame,lot of times in one hour It's eighty And the shame,Negative,0.5531100034713745,3.3265406685165617,2.62,5.4,5
howtodraw,888,-1.4744543638028727e-17,0.26369233092186883,0.26369233092186883,0.26369233092186883,1.0221999999999998,VERB,pcomp,at,159,2,inept,And the shame is enormous and I'm mortified at how inept,Very Negative,0.7642887830734253,1.6434526764861874,4.1,4.2,5
howtodraw,910,0.044413562664082425,-0.10788610021391636,-0.10788610021391636,-0.01905897488575151,0.5384,ADJ,amod,pain,157,15,literal,anything different for even attempting anything new and I'm in literal,Neutral,0.7013319134712219,1.845098040014257,5.84,4.35,7
howtodraw,931,4.1049710025245366e-17,0.6688188803750151,0.6688188803750151,0.6688188803750151,0.3631999999999999,VERB,xcomp,'m,167,3,cry,level I mean I actually hurt And I'm about to cry,Negative,0.3772083818912506,3.524915147539867,3.22,5.45,3
howtodraw,937,0.26411946974006045,-0.2525952327038663,0.27564370677625455,0.27564370677625455,0.623,VERB,advcl,'s,169,3,come,And I'm about to cry again And that's when Bob comes,Negative,0.5378004312515259,5.204638112496441,5.64,3.57,4
howtodraw,943,-5.058235319597698e-18,-0.02893686951978877,-0.02893686951978877,-0.02893686951978877,0.416,ADJ,amod,teachers,171,2,amazing,And that's when Bob comes over and shows me what amazing,Very Positive,0.5115035176277161,3.619927710291468,7.72,6.05,7
howtodraw,953,-0.22660879284747887,0.6302055922406559,0.6302055922406559,0.1769880065456981,0.1712,VERB,ccomp,know,173,3,say,amazing teachers can do I don't even know what he says,Very Positive,0.7495336532592773,4.92236209678479,5.91,4.43,3
howtodraw,959,0.027709743367275427,0.02748725960803236,-0.022871903691061044,0.08290674634258319,0.0252,VERB,ccomp,is,176,2,talk,even know what he says All I know is he talks,Neutral,0.45487672090530396,4.639546250452347,6.64,3.38,4
howtodraw,963,0.28081407128504504,-0.20020776324824685,0.3614203793218433,0.3614203793218433,0.6365999999999999,NOUN,dobj,talks,176,6,ledge,says All I know is he talks me off the ledge,Neutral,0.27965182065963745,2.255272505103306,5.24,4.95,5
howtodraw,972,5.294135353671076e-17,0.4027033132511974,0.4027033132511974,0.4027033132511974,0.4122,NOUN,dobj,has,178,4,hold,the ledge and breaks the vice grip that has a hold,Neutral,0.8686646223068237,4.347798215324819,6.05,4.86,4
howtodraw,977,0.07623245397776943,0.14092829200430548,0.842071553963058,0.2933931999598442,0.1116,VERB,conj,is,174,3,start,vice grip that has a hold of me and I start,Positive,0.892303466796875,4.2391993420543015,6.41,4.81,5
howtodraw,982,1.5095841580147824e-17,0.4126303218090846,0.4126303218090846,0.4126303218090846,0.0808,NOUN,pobj,At,181,3,end,hold of me and I start to draw At the end,Positive,0.6538348197937012,4.132259689531044,4.73,3.95,3
howtodraw,990,4.3405810057872335e-19,0.019222689633121858,0.019222689633121858,0.019222689633121858,0.5038,NOUN,compound,drawings,181,11,gesture,At the end of class Bob picks one of my gesture,Neutral,0.44675782322883606,2.57978359661681,5.75,4.36,7
howtodraw,997,3.706513623445069e-18,0.13154139773093446,0.13154139773093446,0.13154139773093446,0.204,NOUN,pobj,on,182,6,wall,one of my gesture drawings to put up on the wall,Neutral,0.6292238831520081,3.557025722386383,5.06,2.9,4
howtodraw,1003,-1.3940284916518695e-17,-0.1958791766063049,-0.1958791766063049,-0.1958791766063049,0.0914,NOUN,compound,drawings,182,12,student,put up on the wall with a bunch of other student,Neutral,0.8137078881263733,3.3416323357780544,6.41,4.25,7
howtodraw,1012,3.234837027109453e-17,0.27504584186559317,0.2549169461191159,0.27504584186559317,0.626,VERB,ROOT,laughs,184,3,laugh,other student drawings So we can discuss them No one laughs,Negative,0.4885847866535187,3.5060989599284405,7.56,6.62,5
howtodraw,1017,-1.5315043163925717e-18,0.34959371400497435,0.34959371400497435,0.34959371400497435,0.3394,NOUN,conj,laughs,184,8,draw,can discuss them No one laughs at me or my drawing,Neutral,0.8418691158294678,3.314288660947497,6.18,3.6,4
howtodraw,1025,-2.647075123523439e-18,-0.018977263339710327,-0.018977263339710327,-0.018977263339710327,0.3224,VERB,ROOT,drawn,186,3,draw,or my drawing It actually holds its own I have drawn,Positive,0.3974563479423523,3.314288660947497,6.18,3.6,4
howtodraw,1040,-0.42912888649580677,0.564675946085505,-0.2818865972772608,-0.29358182690610835,0.5462,NOUN,pobj,at,189,4,home,I feel like I can do anything But things at home,Positive,0.30481305718421936,4.596509128341999,7.48,3.78,4
howtodraw,1048,-4.505339128178634e-18,0.3796036962532508,0.3796036962532508,0.3796036962532508,0.2582,NOUN,nsubj,is,191,2,husband,things at home start to get a little tricky My husband,Negative,0.4826374650001526,3.997211582832505,7.41,4.38,7
howtodraw,1056,1.8917204685516553e-17,0.06538343011590664,0.06538343011590664,0.06538343011590664,0.14,NOUN,pobj,of,191,10,reason,tricky My husband is an art director one of the reasons,Negative,0.7563159465789795,3.993832866613986,6.27,3.33,6
howtodraw,1059,-0.0011646830472246236,-0.1388499841522282,-0.1411793502466774,-0.1411793502466774,0.136,VERB,relcl,reasons,192,3,marry,is an art director one of the reasons why I married,Negative,0.41333234310150146,3.726156466172754,7.09,5.52,5
howtodraw,1062,7.211715337534116e-17,0.6481949131774475,0.6481949131774475,0.6481949131774475,0.2941999999999999,VERB,ROOT,loved,193,2,love,director one of the reasons why I married him I loved,Positive,0.34708502888679504,4.754845043482116,8.0,5.36,4
howtodraw,1070,0.059374914967804684,-0.023503389812521727,-0.023503389812521727,0.0952464401230876,0.4537999999999999,ADJ,oprd,seemed,194,4,exotic,him I loved being with somebody artsy He seemed so exotic,Positive,0.7319453954696655,2.4871383754771865,7.55,6.9,6
howtodraw,1076,0.03358023316973926,0.14033719643959788,0.14033719643959788,0.20749766277907636,0.2982,ADJ,amod,one,195,4,creative,artsy He seemed so exotic and interesting He was the creative,Positive,0.8311805129051208,2.739572344450092,7.06,4.86,8
howtodraw,1082,-4.701818407254515e-17,-0.14665738212836846,0.7838683531803375,-0.14665738212836846,0.1348,NOUN,compound,one,195,10,business,interesting He was the creative one and I was the business,Positive,0.9019046425819397,4.214101735973232,5.48,3.71,8
howtodraw,1087,1.1868123738846135e-17,0.7186635581414388,0.7186635581414388,0.7186635581414388,0.2861999999999999,VERB,advcl,were,197,3,start,one and I was the business one But when I started,Neutral,0.48967477679252625,4.2391993420543015,6.41,4.81,5
howtodraw,1091,0.27096240962336177,-0.2362505899767222,0.3056742292700014,0.3056742292700014,0.4662,NOUN,pobj,to,198,4,school,the business one But when I started going to art school,Negative,0.5178675055503845,4.230193378869045,5.41,4.57,6
howtodraw,1094,0.40139390221362675,-0.00012208306793349104,-0.025055072945570647,0.8026657213593199,0.4134,NOUN,nsubj,were,196,4,role,But when I started going to art school all the roles,Negative,0.6756038069725037,2.9684829485539352,5.1,4.4,4
howtodraw,1098,0.36042449378106717,0.13258062923176214,0.13258062923176214,0.8534296167938963,0.4298,NOUN,ROOT,balance,199,2,balance,going to art school all the roles were off The balance,Negative,0.7005446553230286,2.8836614351536176,6.84,4.13,7
howtodraw,1104,0.3778931444155098,0.1079894436978982,0.07693293604531982,0.8637757325289176,0.4669999999999999,NOUN,pobj,of,199,8,sync,roles were off The balance of power completely out of sync,Negative,0.5440222024917603,2.227886704613673,6.21,3.95,4
howtodraw,1107,0.3328080865859491,0.2248704901409161,0.8904866633128142,0.8904866633128142,1.1666,VERB,ROOT,continues,200,3,continue,The balance of power completely out of sync So class continues,Negative,0.4759141802787781,3.402777069610347,5.61,2.9,8
howtodraw,1116,-0.0763085713735443,0.04268430214851767,0.04268430214851767,-0.10993284059857095,0.194,ADJ,amod,coaster,200,12,emotional,class continues for the next six weeks and it's an emotional,Neutral,0.4985825717449188,3.0342272607705505,5.11,5.32,9
howtodraw,1130,2.3451765386285057e-17,0.1430507776726915,0.1430507776726915,0.1430507776726915,0.2466,VERB,conj,shifting,202,8,cry,mean my thinking is shifting and breaking apart and I cry,Negative,0.8458555936813354,3.524915147539867,3.22,5.45,3
howtodraw,1135,-2.537597583246726e-18,-0.04333322197506254,-0.04333322197506254,-0.04333322197506254,0.3046,ADJ,amod,assignment,205,3,final,and breaking apart and I cry every day And my final,Very Negative,0.3177383244037628,3.4038066105474227,4.56,4.4,5
howtodraw,1144,0.02288867723935933,-0.06250894160007561,-0.01673158712135696,-0.01673158712135696,0.2088,NOUN,attr,is,205,12,term,my final assignment is a wall installation which is a term,Neutral,0.9139971137046814,2.949877704036875,5.57,3.6,4
howtodraw,1148,0.43181760061865754,-0.1094078780593814,0.7542273231779336,0.7542273231779336,0.293,VERB,ccomp,is,206,4,exist,a wall installation which is a term I didn't know existed,Neutral,0.8908787369728088,3.1696744340588068,5.9,4.0,5
howtodraw,1154,-3.245873594008999e-18,0.058603210482579826,0.06093442766991025,0.058603210482579826,0.4192,VERB,ROOT,includes,207,3,include,term I didn't know existed six weeks before And it includes,Neutral,0.7556029558181763,2.755112266395072,6.39,3.05,7
howtodraw,1168,0.06022065456787421,0.079513527679165,0.19995483681491336,0.19995483681491336,0.4954,NOUN,compound,sections,208,8,business,sculptures these sculptures made out of the New York Times business,Neutral,0.5695357322692871,4.214101735973232,5.48,3.71,8
howtodraw,1176,0.11714985384827561,-0.004774847512356233,0.22952486018419496,0.22952486018419496,0.8284,VERB,amod,black,209,1,paint,York Times business sections and the Wall Street Journal all painted,Neutral,0.826968252658844,3.273695587930092,5.74,4.5,5
howtodraw,1180,-0.028401720830839163,-0.0018378005805889414,-0.0018378005805889414,-0.058641242242267244,0.4128,VERB,ROOT,bound,210,3,bind,and the Wall Street Journal all painted black And they're bound,Negative,0.39921703934669495,2.2355284469075487,4.82,4.53,4
howtodraw,1188,0.005249159179124713,0.037603252516095476,0.04810157087434489,0.04810157087434489,0.5482,NOUN,nsubj,gets,210,10,piece,And they're bound in these really tight boxes and each piece,Positive,0.38155725598335266,3.802773725291976,5.23,3.57,5
howtodraw,1196,9.763848690208825e-18,0.15999641722157693,0.15999641722157693,0.15999641722157693,0.4164,NOUN,nsubj,explodes,212,3,piece,and each piece gets progressively more undone until the final piece,Negative,0.7940895557403564,3.802773725291976,5.23,3.57,5
howtodraw,1201,9.440675066343122e-17,0.438515223281534,0.438515223281534,0.438515223281534,0.517,NOUN,appos,Bob,213,4,instructor,more undone until the final piece explodes And Bob the instructor,Negative,0.587367057800293,2.3820170425748683,6.15,5.05,10
howtodraw,1207,6.744642497287807e-17,0.3405294581887408,0.3405294581887408,0.3405294581887408,0.2034,NOUN,dobj,talked,214,6,ledge,explodes And Bob the instructor that talked me off the ledge,Positive,0.2456035017967224,2.255272505103306,5.24,4.95,5
howtodraw,1220,0.3814377804118251,-0.005050295449113192,0.7578252653745369,0.7578252653745369,0.6434,VERB,xcomp,ought,217,2,apply,and he says Tricia you know you really ought to apply,Negative,0.571835994720459,2.8055008581584,5.16,3.24,5
howtodraw,1247,-0.42928290579739964,0.8812524696475061,0.8812524696475061,0.022686658052706973,0.0412,NOUN,compound,school,221,4,business,the back of my mind I'm gonna end up in business,Positive,0.5236647725105286,4.214101735973232,5.48,3.71,8
howtodraw,1256,1.5189985425504377e-17,0.1446138298577837,0.1446138298577837,0.1446138298577837,0.0905999999999999,NOUN,compound,event,222,8,lifetime,in business school That this is a once in a lifetime,Very Positive,0.5282806754112244,2.9684829485539352,7.3,4.52,8
howtodraw,1263,0.07248923556111916,-0.10099381270541552,-0.011872230746747493,0.043984658416822774,0.1244,ADJ,amod,life,223,6,normal,once in a lifetime event I go back to my normal,Neutral,0.8389257192611694,3.55509444857832,6.17,2.29,6
howtodraw,1284,9.079275907632605e-19,0.024265548830741713,0.024265548830741713,0.024265548830741713,0.6898,ADJ,amod,talent,227,4,artistic,me what's happening He's hitting on me I have no artistic,Negative,0.6429524421691895,2.401400540781544,7.0,5.0,8
howtodraw,1290,1.2218961264539265e-17,0.05319220050085623,0.05319220050085623,0.05319220050085623,0.2394,VERB,acomp,'s,229,2,flatter,me I have no artistic talent at all He's just flattering,Very Negative,0.4781650900840759,2.303196057420489,6.1,4.61,7
howtodraw,1296,-0.049949333316746516,0.01879964240130849,-0.08109902423218453,-0.08109902423218453,0.0716,ADJ,acomp,get,230,5,lucky,at all He's just flattering me until he can get lucky,Negative,0.49450576305389404,3.864333055033393,7.32,5.3,5
howtodraw,1309,6.333371705478845e-18,0.034114621569158385,0.034114621569158385,0.034114621569158385,0.1822,ADJ,amod,relationship,232,9,commit,theory sticks until I find out he's been in a committed,Neutral,0.6533576250076294,2.993436230497612,5.85,3.5,6
howtodraw,1322,3.7067545513001524e-17,0.2021152014605748,0.2021152014605748,0.2021152014605748,0.5718,VERB,ROOT,start,233,4,start,the past eighteen years with his boyfriend So then I start,Neutral,0.36039820313453674,4.2391993420543015,6.41,4.81,5
howtodraw,1359,3.592698682847053e-17,0.1311414194370729,0.1311414194370729,0.1311414194370729,0.3304,NOUN,pobj,at,239,10,time,cause I was working at Harvard Business School at the time,Negative,0.6067669987678528,4.9995263608344604,5.6,3.41,4
howtodraw,1366,0.24471266591004215,0.1744971740051808,0.663922505825265,0.663922505825265,0.9228,NOUN,dobj,know,241,3,people,School at the time Or maybe they think I know people,Neutral,0.7744631171226501,4.750145688538127,5.7,3.77,6
howtodraw,1370,0.4385059700494998,-0.3741599741411359,-0.3741599741411359,0.5028519659578636,0.6586000000000001,ADJ,amod,donors,241,7,big,Or maybe they think I know people who will be big,Negative,0.36039769649505615,4.541891125096001,5.64,4.33,3
howtodraw,1380,-1.3184268016686689e-17,-0.07017887134898523,-0.05173126062907305,-0.07017887134898523,0.4792,ADJ,amod,energy,243,7,creative,big donors And so while I'm using all of my creative,Negative,0.3318430185317993,2.739572344450092,7.06,4.86,8
howtodraw,1405,1.1080858037691705e-16,0.7557024219403407,0.7557024219403407,0.7557024219403407,0.9362,VERB,xcomp,ought,248,2,apply,up to me and says Tricia you really ought to apply,Positive,0.5867997407913208,2.8055008581584,5.16,3.24,5
howtodraw,1411,-0.12898100665891604,0.2257537892383398,-0.03220822407949227,-0.03220822407949227,0.406,VERB,ROOT,mean,249,2,mean,you really ought to apply to the Museum School I mean,Negative,0.833087146282196,4.802390556452736,2.43,4.81,4
howtodraw,1428,0.12773493413095693,0.017109862715757443,0.27257973097767124,0.27257973097767124,0.421,VERB,conj,begins,252,4,enroll,one of us Panic begins to set in and I enroll,Positive,0.6854171752929688,1.5440680443502757,5.94,4.25,6
howtodraw,1443,-0.3175833185853536,0.8873960814777817,0.25222944430707456,0.25222944430707456,0.4103999999999999,ADJ,acomp,'m,252,19,excite,a part-time student but I'm still consulting and I'm both excited,Negative,0.5506399869918823,2.041392685158225,7.79,6.61,6
howtodraw,1449,1.7569817424810903e-17,0.18230821440019732,0.18230821440019732,0.18230821440019732,0.4904,ADJ,amod,time,256,3,first,consulting and I'm both excited and traumatized because for the first,Neutral,0.7268890738487244,4.632153483510633,7.33,4.9,5
howtodraw,1453,9.236202182782042e-18,0.06723045048366079,0.06723045048366079,0.06723045048366079,0.5903999999999999,NOUN,pobj,in,256,7,life,excited and traumatized because for the first time in my life,Very Negative,0.498106986284256,4.608846822326411,6.68,5.59,4
howtodraw,1457,-0.10512811926013212,0.16468735376965016,-0.041263311682899394,-0.04556888475061404,0.7118,VERB,prep,begins,256,11,follow,for the first time in my life I am not following,Negative,0.6984862089157104,3.798236176367936,4.82,3.76,6
howtodraw,1466,0.21217933977047648,-0.06493868471690578,0.35941999482404713,0.35941999482404713,0.6698,NOUN,pobj,to,257,7,friend,not following the rules And I say to my dear friend,Negative,0.721327543258667,4.33010925459283,6.79,4.29,6
howtodraw,1473,0.3470651872942666,-0.009638419981368324,0.6844919546071648,0.6844919546071648,0.1764,VERB,parataxis,say,258,2,say,to my dear friend Sarah who's also a Southerner I say,Very Positive,0.3409378230571747,4.92236209678479,5.91,4.43,3
howtodraw,1478,-3.3276621201420534e-18,-0.029342564008382074,-0.029342564008382074,-0.029342564008382074,0.8880000000000001,ADJ,acomp,am,257,17,afraid,who's also a Southerner I say Sarah I am so afraid,Very Negative,0.6204591989517212,4.101472117000238,2.25,5.12,6
howtodraw,1506,4.067733769343744e-18,0.019428603026878728,0.041863127947621724,0.019428603026878728,0.3862,NOUN,nsubj,is,260,7,part,like everybody else And my marriage begins to explode and part,Negative,0.2802417278289795,4.125090713082634,4.77,3.36,4
howtodraw,1515,-2.967260577716176e-19,0.012813948589962891,0.012813948589962891,0.012813948589962891,0.8206,VERB,xcomp,supposed,263,2,excel,and part of the reason is I'm not supposed to excel,Negative,0.5705071687698364,1.57978359661681,5.95,4.85,5
howtodraw,1526,0.04265087736781512,-0.036448877307070686,0.05414841903187182,0.04885287742855954,0.7274,NOUN,dobj,have,264,4,place,beyond men definitely not beyond my husband But I have places,Negative,0.8928585648536682,4.487661477118644,5.86,3.52,5
howtodraw,1530,3.675199660601491e-17,0.1681682376796163,0.1681682376796163,0.1681682376796163,0.3752,VERB,xcomp,wanted,266,2,go,beyond my husband But I have places I wanted to go,Negative,0.3750540018081665,5.286559753980304,6.32,4.86,2
howtodraw,1552,-8.222982361751985e-18,0.32774314847304414,-0.4876555621874124,0.32774314847304414,0.8832000000000001,NOUN,npadvmod,says,272,3,day,to move faster so I could move forward And one day,Negative,0.4067499339580536,4.611659592651788,6.36,3.62,3
howtodraw,1565,0.065648361196503,0.09268214052422726,-0.03550846944052354,0.2239788629172332,0.7844,NOUN,dobj,go,274,3,place,says to me Tricia you just want me to go places,Positive,0.2758674621582031,4.487661477118644,5.86,3.52,5
howtodraw,1588,2.8904494568683555e-17,0.31297067683912866,0.31297067683912866,0.31297067683912866,0.1348,NOUN,pobj,of,278,7,semester,we have review boards And at the end of each semester,Neutral,0.6800791621208191,2.550228353055094,5.0,4.2,8
howtodraw,1594,1.6564749354838333e-17,0.33160136956899294,0.33160136956899294,0.33160136956899294,0.1118,NOUN,dobj,put,278,13,work,the end of each semester we put up all the work,Neutral,0.8710744380950928,4.60959440922522,5.05,4.33,4
howtodraw,1599,-0.4682707796889167,0.8507559764576049,0.8507559764576049,-0.08578558292022863,0.482,NOUN,dobj,put,278,16,instructor,we put up all the work we've done and two instructors,Neutral,0.5712608695030212,2.3820170425748683,6.15,5.05,10
howtodraw,1610,6.398307570355945e-18,0.07952933252878398,0.07952933252878398,0.07952933252878398,0.2864,VERB,conj,give,282,1,guide,and several students review the work give us feedback and guide,Positive,0.7450854778289795,2.9595183769729982,5.43,3.33,5
howtodraw,1614,0.1061110730817839,0.0822704870379611,0.0822704870379611,0.29449263320152885,0.226,ADJ,amod,path,281,8,creative,the work give us feedback and guide us on our creative,Positive,0.493143767118454,2.739572344450092,7.06,4.86,8
howtodraw,1618,0.07628788739100223,-0.05730581625130027,-0.09293266179150626,0.09526995853070414,0.3985999999999999,VERB,ccomp,assume,283,3,drive,feedback and guide us on our creative path And I'm driving,Positive,0.6144746541976929,3.8927066378056656,6.5,4.19,5
howtodraw,1627,1.229848393271894e-16,0.5983357123901503,0.5983357123901503,0.5983357123901503,0.4207999999999999,VERB,conj,driving,283,11,purchase,I'm driving to my review board in the Jeep I've purchased,Positive,0.5345894694328308,2.513217600067939,6.47,5.1,8
howtodraw,1634,0.4038428312840556,-0.009901382430869217,0.797784280137242,0.797784280137242,0.5092,NOUN,dobj,conceived,285,4,child,the Jeep I've purchased for the yet to be conceived children,Neutral,0.39638620615005493,3.9053100621160857,7.2,5.33,5
howtodraw,1650,1.1979667701518842e-16,0.9215066688839056,0.9215066688839056,0.9215066688839056,0.5932000000000001,NOUN,nsubj,writes,289,5,board,instead it's piled high with artwork And at my review board,Negative,0.763862669467926,3.5149460053080044,5.33,3.52,5
howtodraw,1654,1.8796201356980387e-17,0.3374201780940644,0.3374201780940644,0.3374201780940644,0.4359999999999999,NOUN,pobj,of,289,9,student,with artwork And at my review board one of the students,Positive,0.6754882335662842,3.3416323357780544,6.41,4.25,7
howtodraw,1659,-1.0077111166281922e-17,-0.05698921569157881,0.6614733154418875,-0.05698921569157881,0.3964,NOUN,compound,board,289,14,review,review board one of the students writes this on his review,Neutral,0.6131346821784973,2.8785217955012063,5.09,3.77,6
howtodraw,1667,0.038295760503821004,-0.013167082975477326,0.5267119430709649,0.06342443803216467,0.808,ADJ,amod,frantic,290,6,little,on his review board sheet You seem to be a little,Negative,0.866187572479248,4.867862121672578,5.91,4.2,6
howtodraw,1677,-9.240687423306382e-18,-0.060962845127766487,-0.060962845127766487,-0.060962845127766487,0.6756,NOUN,pobj,with,293,4,control,little frantic Very perceptive It has something to do with control,Positive,0.839394211769104,3.8236698132681366,4.43,4.76,7
howtodraw,1681,-1.9369843668055732e-18,0.6210859484231434,0.6210859484231434,0.6210859484231434,0.6436,VERB,xcomp,'s,295,2,let,It has something to do with control It's okay to let,Positive,0.9052588939666748,5.091251805800358,5.95,2.71,3
howtodraw,1688,-0.059430937699703465,0.012104195310362241,0.012104195310362241,-0.10675768008904467,0.5762,ADJ,acomp,be,297,6,black,It's okay to let go You're expecting this to be black,Negative,0.8725310564041138,3.932778070060551,5.4,3.58,5
howtodraw,1713,0.2923373237012431,0.10951263358974532,0.6941872809922311,0.6941872809922311,0.687,NOUN,conj,artwork,304,9,marriage,not sure if he's talking about my artwork or my marriage,Neutral,0.7675641179084778,3.5945030438200893,7.56,4.95,8
howtodraw,1732,4.2870789339845144e-18,0.18868897281385666,0.18868897281385666,0.18868897281385666,0.3464,NOUN,dobj,love,309,4,husband,friend of mine says You know Tricia I love my husband,Positive,0.4894353747367859,3.997211582832505,7.41,4.38,7
howtodraw,1741,6.098804690746219e-17,0.3582149288663163,0.3582149288663163,0.3582149288663163,0.6188,VERB,conj,love,309,11,think,my husband and I love my children but I never thought,Neutral,0.2724395990371704,5.137550322564531,6.68,3.75,5
howtodraw,1747,1.9747049402230744e-17,0.6047247868536624,0.6047247868536624,0.6047247868536624,0.3428,NOUN,dobj,have,313,3,option,children but I never thought I had options You have options,Very Negative,0.42999520897865295,2.867467487859052,6.37,3.19,6
howtodraw,1750,2.3189381929086247e-18,0.17598977686219994,0.17598977686219994,0.17598977686219994,0.2122,ADV,acomp,'s,314,3,right,never thought I had options You have options And she's right,Positive,0.4037410616874695,5.310542504215177,7.32,5.0,5
howtodraw,1765,-0.027589438717200186,0.08251489394165114,0.033220744686213007,0.02733601650725077,0.2676,VERB,conj,'s,314,4,begin,life is blowing apart or maybe because it is I begin,Neutral,0.5504909753799438,3.463445031770428,6.44,2.85,5
howtodraw,1775,1.0856661776453533e-18,0.11480317335949973,0.11480317335949973,0.11480317335949973,0.5496000000000001,NOUN,pobj,into,317,10,artwork,begin to really find my voice and step into my artwork,Positive,0.8873810172080994,1.8976270912904412,6.76,4.18,7
howtodraw,1778,0.08001384789817165,0.1514682392997864,0.31149593509612955,0.31149593509612955,0.3521999999999999,VERB,ROOT,sees,318,3,see,find my voice and step into my artwork My mother sees,Neutral,0.5580374002456665,5.115257608061224,6.27,3.9,3
howtodraw,1781,3.59249578601101e-17,0.17255148524747163,0.17255148524747163,0.17255148524747163,0.4826,VERB,conj,sees,319,1,say,and step into my artwork My mother sees it and says,Positive,0.5087383389472961,4.92236209678479,5.91,4.43,3
howtodraw,1786,-0.008916477054081136,-0.3265640678954977,0.4071931625126098,-0.34439702200365985,0.4942,ADJ,acomp,is,318,10,dark,My mother sees it and says Why is it so dark,Positive,0.2832632064819336,3.655138434811382,5.08,4.09,4
howtodraw,1791,-2.6475785045096283e-18,-0.029638243474705617,-0.029638243474705617,-0.029638243474705617,0.4828,NOUN,attr,are,320,5,head,says Why is it so dark Why aren't there any heads,Neutral,0.3189719021320343,4.277563376055919,5.86,4.45,4
howtodraw,1809,-0.002664788128872763,0.004240695412988934,0.004240695412988934,-0.0010888808447565923,0.2202,NOUN,compound,hose,321,12,fire,my consulting work and even though I'm getting paid a fire,Positive,0.7678258419036865,4.041037207867029,4.32,6.05,4
howtodraw,1834,0.04751784442168683,0.34701664839507035,0.4420523372384439,0.4420523372384439,0.4894,VERB,ROOT,realize,330,3,realize,I'm gonna die slowly But I'm gonna die And I realize,Positive,0.6477662324905396,3.605628222007619,6.44,3.24,7
howtodraw,1840,0.42344034322007773,-0.014340784729097306,0.8325399017110581,0.8325399017110581,0.2954,ADJ,amod,job,330,9,wrong,gonna die And I realize I'm not just in the wrong,Positive,0.7745204567909241,4.426169547035326,3.24,5.29,5
howtodraw,1844,5.644131897616073e-18,0.04571029538932989,0.04571029538932989,0.04571029538932989,0.4356,ADJ,amod,marriage,330,13,wrong,realize I'm not just in the wrong job or the wrong,Negative,0.43634119629859924,4.426169547035326,3.24,5.29,5
howtodraw,1849,5.644131897616073e-18,0.04571029538932989,0.04571029538932989,0.04571029538932989,0.3883999999999999,ADJ,amod,life,331,4,wrong,the wrong job or the wrong marriage I'm in the wrong,Very Negative,0.5301710963249207,4.426169547035326,3.24,5.29,5
howtodraw,1853,6.606608891578386e-17,0.3373712583564905,0.3373712583564905,0.3373712583564905,0.6326,VERB,ROOT,want,332,3,want,the wrong marriage I'm in the wrong life I don't want,Very Negative,0.8462381958961487,5.148352740207044,6.0,5.29,4
howtodraw,1858,1.7679361009658533e-18,0.12989583402843033,0.12989583402843033,0.12989583402843033,0.2662,NOUN,nsubj,want,334,3,people,the wrong life I don't want to do what other people,Very Negative,0.6811676025390625,4.750145688538127,5.7,3.77,6
howtodraw,1864,0.17654302587252416,0.0453052288280966,0.12031234396366113,0.3983912805731448,0.3936,VERB,ccomp,want,335,4,think,to do what other people want me to do or think,Neutral,0.8619114756584167,5.137550322564531,6.68,3.75,5
howtodraw,1871,6.095795416775205e-18,0.1066448608878056,0.1066448608878056,0.1066448608878056,0.915,VERB,relcl,All,338,2,want,to do or think I should do anymore All I want,Neutral,0.6735076904296875,5.148352740207044,6.0,5.29,4
howtodraw,1878,2.815117899290453e-17,0.1539139587548869,0.1539139587548869,0.1539139587548869,0.1389999999999999,NOUN,attr,'m,340,3,artist,anymore All I want is to make art I'm an artist,Very Positive,0.5753752589225769,3.1646502159342966,6.76,4.1,6
howtodraw,1881,0.11978001996799394,-0.11264579648945135,-0.03214977146077722,0.12691424344653648,0.0944,NOUN,npadvmod,separate,342,2,week,want is to make art I'm an artist And the week,Positive,0.5945754647254944,4.085112113266837,5.27,3.33,4
howtodraw,1888,0.012047694054103416,-0.05754451531578373,-0.05754451531578373,-0.03344912720757688,0.5326,NOUN,compound,home,341,6,family,artist And the week we separate they tear down my family,Neutral,0.3048248589038849,4.256910081889356,7.25,4.35,6
howtodraw,1892,1.3630119812715641e-17,0.21339658723891117,0.21339658723891117,0.21339658723891117,0.541,NOUN,pobj,of,341,10,year,we separate they tear down my family home of twenty-five years,Negative,0.39476463198661804,4.151523067564944,5.75,3.33,4
howtodraw,1910,1.5767996294422787e-17,0.36853925608805826,0.36853925608805826,0.36853925608805826,0.6018,NOUN,pobj,to,344,13,house,this keychain with three keys on it one to the house,Neutral,0.7741949558258057,4.418549862049742,7.19,3.95,5
howtodraw,1913,0.3499767292410758,-0.3316914753945253,-0.3316914753945253,0.36826198308762614,0.3868,VERB,conj,have,344,15,live,three keys on it one to the house I don't live,Neutral,0.5079250335693359,4.244895333691861,7.95,4.71,4
howtodraw,1916,-1.1654831006712216e-17,0.24678381690201015,0.24678381690201015,0.24678381690201015,0.356,NUM,npadvmod,live,344,18,one,it one to the house I don't live in anymore one,Very Negative,0.4472547471523285,5.195027421937368,6.09,2.67,3
howtodraw,1926,2.951393964586205e-18,0.1827575456000514,0.1827575456000514,0.1827575456000514,0.3782,NOUN,conj,live,344,24,one,one to my family home that's been torn down and one,Very Negative,0.5146558880805969,5.195027421937368,6.09,2.67,3
howtodraw,1938,3.2538818793744766e-18,0.023886431770390657,0.023886431770390657,0.023886431770390657,0.7238,NOUN,pobj,on,348,6,hood,my Jeep that's been stolen God is banging on my hood,Very Negative,0.6925632357597351,2.895422546039408,4.95,3.33,4
wheretheressmoke,11,-0.021318262251875726,0.12343932551467313,0.12343932551467313,0.08080280101092165,0.3083999999999999,NOUN,nsubj,hit,3,3,foot,reached over and secretly undid my seatbelt and when his foot,Negative,0.3567933738231659,3.5200903281128424,4.68,2.77,4
wheretheressmoke,30,0.4502397488016097,0.0009924740009421248,0.9014719716041615,0.9014719716041615,0.604,NOUN,dobj,had,6,4,shoe,flung open the door and I ran I had no shoes,Very Negative,0.7422892451286316,3.190611797813605,5.78,2.4,4
wheretheressmoke,34,0.4405863954567369,-0.047908287839522036,0.0500293528895317,0.8332645030739516,0.3243999999999999,VERB,conj,had,6,7,cry,and I ran I had no shoes on I was crying,Very Negative,0.6119633913040161,3.524915147539867,3.22,5.45,3
wheretheressmoke,38,0.153897882416672,-0.060557344404211705,0.24723842042913224,0.24723842042913224,0.18,NOUN,dobj,had,6,10,wallet,had no shoes on I was crying I had no wallet,Very Negative,0.578832745552063,3.06595298031387,6.0,4.25,6
wheretheressmoke,47,1.719786482268626e-19,0.005317945019551636,0.005317945019551636,0.005317945019551636,0.5474,NOUN,dobj,had,9,5,cigarette,no wallet but I was okay because I had my cigarettes,Negative,0.7799875140190125,3.132899769944483,3.0,4.0,9
wheretheressmoke,51,0.3216197798398515,-0.20065211418996132,0.4425874454897416,0.4425874454897416,0.2692,VERB,conj,had,9,8,want,was okay because I had my cigarettes and I didn't want,Negative,0.8395330309867859,5.148352740207044,6.0,5.29,4
wheretheressmoke,61,4.2049027599828354e-17,0.2972615230479804,0.2972615230479804,0.2972615230479804,0.2797999999999999,NOUN,dobj,have,11,6,cigarette,want any part of freedom if I didn't have my cigarettes,Neutral,0.34910836815834045,3.132899769944483,3.0,4.0,9
wheretheressmoke,64,5.658138315290218e-05,0.04006262895790191,0.0401757917242077,0.0401757917242077,0.3882,VERB,advcl,learn,12,3,live,of freedom if I didn't have my cigarettes When you live,Very Negative,0.3516755998134613,4.244895333691861,7.95,4.71,4
wheretheressmoke,70,-0.3945825335962853,0.8378258140689678,0.8378258140689678,0.04866074687639694,0.3177999999999999,NOUN,dobj,has,13,4,temper,my cigarettes When you live with someone who has a temper,Neutral,0.455104798078537,2.765668554759014,3.89,4.9,6
wheretheressmoke,78,2.999663321482685e-17,0.1255508935746267,0.1255508935746267,0.1255508935746267,0.3968,ADJ,amod,temper,12,13,bad,has a temper a very bad temper a very very bad,Very Negative,0.5221108198165894,4.444122899412919,3.24,4.86,3
wheretheressmoke,83,-0.008137264934188029,0.012432487777157426,0.012432487777157426,-0.003842042091218632,0.3008,VERB,xcomp,learn,15,2,play,bad temper a very very bad temper you learn to play,Negative,0.5054923892021179,4.257246464907372,7.55,3.81,4
wheretheressmoke,87,3.1399759548383796e-17,0.14842420149032673,0.14842420149032673,0.14842420149032673,0.146,VERB,ROOT,learn,16,2,learn,very bad temper you learn to play around that You learn,Very Negative,0.5773806571960449,3.78161178249315,6.85,4.8,5
wheretheressmoke,99,-2.1696733965012125e-19,-0.0013704631623501936,-0.0013704631623501936,-0.0013704631623501936,0.578,ADJ,amod,nice,18,4,real,time I'll play possum and next time I'll just be real,Neutral,0.7673822045326233,4.353800865138863,7.09,4.05,4
wheretheressmoke,125,6.321244259660593e-17,0.6759185031967219,0.6759185031967219,0.6759185031967219,0.4096,NOUN,advcl,was,22,11,run,And this was one of the times when you just run,Negative,0.37162649631500244,4.252343224380086,6.41,5.24,3
wheretheressmoke,130,4.200848526692362e-18,0.23372493883772946,0.23372493883772946,0.23372493883772946,0.5346,VERB,advcl,thought,24,4,run,the times when you just run And as I was running,Neutral,0.6842305064201355,4.252343224380086,6.41,5.24,3
wheretheressmoke,136,0.3828935606459874,-0.2958393860732827,0.21255737891380075,0.4699477352186921,0.38,ADJ,amod,place,23,7,great,And as I was running I thought This was a great,Negative,0.36098891496658325,4.621851095544312,7.5,4.14,5
wheretheressmoke,165,0.3342850826621708,-0.4294841585416332,0.23908600678270822,0.23908600678270822,0.4442,VERB,advcl,yell,31,2,get,after me and drive and yell stuff at me to get,Neutral,0.5734704732894897,5.3687943501614095,6.09,3.67,3
wheretheressmoke,182,0.009086494022723525,0.0676423624015375,0.0858153504469845,0.0858153504469845,0.2302,ADJ,acomp,is,34,3,great,I was like No I'm out of here This is great,Very Positive,0.4704413414001465,4.621851095544312,7.5,4.14,5
wheretheressmoke,198,4.807654386745014e-17,0.8410806969993808,0.8410806969993808,0.8410806969993808,0.2598,NOUN,dobj,had,35,13,cigarette,behind a cabana and he left and I had my cigarettes,Very Negative,0.6036781072616577,3.132899769944483,3.0,4.0,9
wheretheressmoke,202,0.06844776553447049,-0.04630742255633191,0.09058810851260905,0.09058810851260905,0.6674,VERB,ROOT,started,39,4,start,he left and I had my cigarettes And uh I started,Negative,0.35815393924713135,4.2391993420543015,6.41,4.81,5
wheretheressmoke,213,4.624158266538675e-17,0.16810445781136027,0.16810445781136027,0.16810445781136027,0.5186,NOUN,pobj,at,41,5,night,to walk in this beautiful neighborhood It was ten-thirty at night,Positive,0.4481196999549866,4.645117566806543,6.68,3.57,5
wheretheressmoke,217,1.8986093256144174e-17,0.1789442726082183,0.1789442726082183,0.1789442726082183,0.1119999999999999,ADJ,acomp,was,41,9,silent,beautiful neighborhood It was ten-thirty at night and it was silent,Positive,0.559653639793396,3.069668096911596,5.14,3.21,6
wheretheressmoke,227,3.636005800265076e-17,0.11584470959178511,0.11584470959178511,0.11584470959178511,0.4568,NOUN,pobj,for,41,19,sprinkler,silent and lovely and there was no sound except for sprinklers,Negative,0.47636982798576355,1.6812412373755872,5.86,3.29,9
wheretheressmoke,242,0.10723640099568515,-0.056808648956594904,0.11492297348551582,0.1576641530347754,0.5606,VERB,conj,enjoying,43,1,enjoy,ch ch ch ch And I was enjoying myself and enjoying,Positive,0.7538267970085144,3.625621081424908,7.67,5.0,5
wheretheressmoke,257,4.8935929121931276e-17,0.19207634382251224,0.19207634382251224,0.19207634382251224,0.2858,NOUN,pobj,of,46,4,freedom,and enjoying these few hours I knew I'd have of freedom,Positive,0.788580060005188,3.227629649571009,7.72,5.67,7
wheretheressmoke,261,-0.03274941106337625,0.07963396975468355,0.056102087448241966,0.01413514762793106,0.6346,VERB,ccomp,thought,47,4,perfect,hours I knew I'd have of freedom And just to perfect,Positive,0.4706365466117859,3.908055874098767,7.19,4.71,7
wheretheressmoke,268,-2.0456253387941444e-17,0.30643144055131005,0.30643144055131005,0.30643144055131005,0.4176,NOUN,dobj,have,49,4,smoke,And just to perfect it I thought I'll have a smoke,Very Positive,0.2832287847995758,3.523486332343228,3.44,5.0,5
wheretheressmoke,272,-0.029069406009744073,-0.03325336898906304,-0.09139218100855118,-0.09139218100855118,0.6355999999999999,VERB,ccomp,have,50,4,occur,it I thought I'll have a smoke And then it occurred,Neutral,0.6108895540237427,2.57978359661681,6.26,3.57,5
wheretheressmoke,282,1.186499437352324e-16,0.6191339376645176,0.6191339376645176,0.6191339376645176,0.2522,NOUN,dobj,have,52,5,light,occurred to me with horrifying speed I don't have a light,Very Negative,0.786963701248169,3.925621454790829,6.55,3.52,5
wheretheressmoke,292,-0.11928914165868722,0.1188332146147838,0.11629147220051662,-0.1197450687025906,0.2762,NOUN,dobj,see,53,10,figure,light Just then as if in answer I see a figure,Neutral,0.8191035389900208,3.8194781283621215,5.09,3.67,6
wheretheressmoke,306,0.0985900952249059,-0.03238318092685628,0.1264163284061072,0.1647970095229555,0.1054,NOUN,dobj,have,56,6,dog,is that It's not him Okay they don't have a dog,Negative,0.8531739115715027,3.99281852006668,7.0,5.43,3
wheretheressmoke,319,0.09746358716893674,-0.04499445855597098,0.14993271578190248,0.14993271578190248,0.1268,ADJ,amod,street,59,6,suburban,that What uh what are they doing out on this suburban,Neutral,0.5417563915252686,2.071882007306125,5.85,3.41,8
wheretheressmoke,323,0.3728987817286705,-0.03211543418152559,0.7136821292758152,0.7136821292758152,0.5698000000000001,NOUN,nsubj,comes,60,3,person,are they doing out on this suburban street And the person,Positive,0.5531551241874695,4.035749837319661,6.1,3.71,6
wheretheressmoke,329,2.527717021387171e-17,0.1883099028489417,0.1883099028489417,0.1883099028489417,0.4436,VERB,conj,comes,60,8,see,suburban street And the person comes closer and I could see,Positive,0.6126375198364258,5.115257608061224,6.27,3.9,3
wheretheressmoke,341,0.01271135319219503,-0.3354994030969367,-0.3354994030969367,-0.3100766967125466,0.1376,NOUN,dobj,has,63,4,hand,a woman and then I can see she has her hands,Neutral,0.7042136788368225,4.154210882206974,5.9,3.98,4
wheretheressmoke,344,0.40865699184966997,-0.017869365688417876,-0.017869365688417876,0.7994446180109219,0.4366,NOUN,pobj,in,63,7,face,then I can see she has her hands in her face,Neutral,0.5137647390365601,4.168733128934079,6.36,4.59,4
wheretheressmoke,351,-0.048925583921820816,0.28923883557467933,0.19138766773103766,0.19138766773103766,0.8692,VERB,ROOT,sees,65,4,see,hands in her face Oh she's crying And then she sees,Positive,0.3445304334163666,5.115257608061224,6.27,3.9,3
wheretheressmoke,355,0.02979485930990388,-0.0026060880562702566,0.056983630563537495,0.056983630563537495,0.2319999999999999,VERB,conj,sees,65,7,compose,Oh she's crying And then she sees me and she composes,Positive,0.5625120997428894,1.9084850188786495,5.64,3.85,7
wheretheressmoke,359,0.08063347201401441,-0.10383915802602074,0.05742778600200807,0.05742778600200807,0.2883999999999999,VERB,conj,composes,65,10,get,then she sees me and she composes herself and she gets,Positive,0.8131539225578308,5.3687943501614095,6.09,3.67,3
wheretheressmoke,363,3.759978705271967e-17,0.2699873952041482,0.2699873952041482,0.2699873952041482,0.3852,VERB,ROOT,see,68,3,see,and she composes herself and she gets closer And I see,Positive,0.915397047996521,5.115257608061224,6.27,3.9,3
wheretheressmoke,367,9.437773662009038e-17,0.7374085117993384,0.7374085117993384,0.7374085117993384,0.1576,NOUN,dobj,has,69,4,shoe,and she gets closer And I see she has no shoes,Positive,0.6457886695861816,3.190611797813605,5.78,2.4,4
wheretheressmoke,372,0.35726588431913536,-0.4569605807756598,-0.2749469036743066,0.25757118786261074,0.1718,NOUN,dobj,has,70,4,shoe,I see she has no shoes on She has no shoes,Neutral,0.39673539996147156,3.190611797813605,5.78,2.4,4
wheretheressmoke,376,2.1307188467141674e-16,0.7672486064971112,0.7672486064971112,0.7672486064971112,0.3159999999999999,NOUN,conj,has,70,8,cry,no shoes on She has no shoes on and she's crying,Very Negative,0.4897763431072235,3.524915147539867,3.22,5.45,3
wheretheressmoke,382,1.89066308904779e-18,0.12439976785266747,0.12439976785266747,0.12439976785266747,0.119,NOUN,pobj,on,70,14,street,shoes on and she's crying and she's out on the street,Negative,0.45385080575942993,3.878406887580996,5.07,3.45,6
wheretheressmoke,396,0.4441935985792726,-0.012761962718904195,-0.012761962718904195,0.8756252344396408,0.5393999999999999,VERB,ROOT,passes,73,5,pass,her though I've never met her And just as she passes,Negative,0.4339089095592499,3.741545516776209,5.73,4.38,4
wheretheressmoke,406,-3.46065408575231e-18,0.054233220315010267,0.054233220315010267,0.054233220315010267,0.8620000000000001,VERB,ROOT,say,76,3,say,passes me she says You got a cigarette And I say,Neutral,0.4350404441356659,4.92236209678479,5.91,4.43,3
wheretheressmoke,413,1.2459164029691404e-17,0.052421765262725996,0.052421765262725996,0.052421765262725996,0.5474,VERB,ROOT,says,78,3,say,cigarette And I say You got a light And she says,Positive,0.6716620326042175,4.92236209678479,5.91,4.43,3
wheretheressmoke,425,3.2934635407275546e-18,0.024223012496313392,0.024223012496313392,0.024223012496313392,0.6872,NOUN,pobj,into,80,8,cutoff,I hope so And then first she digs into her cutoffs,Neutral,0.49790069460868835,1.4913616938342726,3.14,3.92,6
wheretheressmoke,432,7.96982214390738e-21,-0.00016839380316187544,-0.00016839380316187544,-0.00016839380316187544,0.3764,VERB,ROOT,digs,81,3,dig,digs into her cutoffs in the front nothing And then digs,Neutral,0.5080454349517822,3.3725438007590705,5.28,3.67,3
wheretheressmoke,435,1.1788726394590928e-17,0.11212363648514671,0.11212363648514671,0.11212363648514671,0.2472,ADV,pobj,in,81,6,back,cutoffs in the front nothing And then digs in the back,Neutral,0.5711084604263306,5.010588259604198,4.76,2.59,4
wheretheressmoke,441,0.2236587911929645,0.1330758999763604,0.1330758999763604,0.5803934823622893,0.2198,NOUN,dobj,has,81,11,vest,then digs in the back and then she has this vest,Neutral,0.7809625864028931,2.45484486000851,5.74,4.1,4
wheretheressmoke,445,-1.1640508560832756e-17,-0.08945495562612799,-0.08945495562612799,-0.08945495562612799,0.1216,NUM,compound,million,83,3,fifty,back and then she has this vest on that has fifty,Neutral,0.6498748064041138,2.9827233876685453,4.74,3.45,5
wheretheressmoke,448,1.214102717572898e-16,0.6206648514128991,0.6206648514128991,0.6206648514128991,0.2324,NOUN,dobj,has,83,6,pocket,she has this vest on that has fifty million little pockets,Positive,0.35054853558540344,3.2605483726369795,5.67,4.5,6
wheretheressmoke,453,-4.952498248257282e-18,-0.038550058622275674,-0.038550058622275674,-0.038550058622275674,0.2592,VERB,conj,has,83,10,check,that has fifty million little pockets on it and she's checking,Neutral,0.4784041941165924,4.153174379371534,6.55,3.38,5
wheretheressmoke,459,4.0025935691881364e-17,0.6937897671715496,0.08598213003108052,0.6937897671715496,0.4038,ADJ,acomp,looking,83,15,bad,on it and she's checking and checking and it's looking bad,Negative,0.5067042112350464,4.444122899412919,3.24,4.86,3
wheretheressmoke,484,-0.11177446090637144,0.12566966079147854,-0.025850994505497122,-0.09787926102126428,0.0809999999999999,VERB,relcl,pack,89,4,launder,she pulls out a pack of matches that had been laundered,Neutral,0.7425474524497986,1.5440680443502757,5.15,3.57,7
wheretheressmoke,490,0.451310833996886,-0.04474921509206348,0.07080490479541894,0.8578724529017084,0.0312,VERB,ROOT,open,91,2,open,matches that had been laundered at least once Ugh We open,Neutral,0.5754193663597107,4.213305206162794,6.14,4.43,4
wheretheressmoke,496,8.253720209934449e-17,0.5614524927368493,0.5614524927368493,0.5614524927368493,0.2102,NUM,nummod,match,91,8,one,least once Ugh We open it up and there is one,Neutral,0.6437575221061707,5.195027421937368,6.09,2.67,3
wheretheressmoke,504,8.332070014472411e-18,0.12948251158721477,-0.03249193654958075,0.12948251158721477,0.2926,VERB,ccomp,'s,94,2,take,there is one match inside Okay Oh my God This takes,Positive,0.4641599655151367,4.984275214375496,4.82,4.52,4
wheretheressmoke,518,4.840727966712911e-17,0.20117671331468986,0.20117671331468986,0.20117671331468986,0.7782,VERB,ccomp,got,98,5,go,NASA now We got to like Oh how are we gonna,Positive,0.4522317051887512,5.286559753980304,6.32,4.86,2
wheretheressmoke,528,-0.027773312601319548,0.13832153132656508,0.006102864503095131,0.08277490612392596,0.5654,VERB,parataxis,hunker,102,2,crouch,gonna do it Okay and we we hunker down we crouch,Positive,0.8498408198356628,1.591064607026499,4.79,4.05,6
wheretheressmoke,531,9.259516370398006e-17,0.3899380662632507,0.3899380662632507,0.3899380662632507,0.447,NOUN,pobj,on,102,5,ground,Okay and we we hunker down we crouch on the ground,Positive,0.4495486915111542,3.5678494505731067,5.28,2.35,6
wheretheressmoke,535,0.487768313719007,-0.10477573474330444,0.8707608926947094,0.8707608926947094,0.6136,NOUN,attr,'s,102,9,wind,hunker down we crouch on the ground and where's the wind,Neutral,0.5487320423126221,3.481299273332856,5.67,3.7,4
wheretheressmoke,539,-0.03119590593444678,-0.04217608314535461,-0.14119919424410457,-0.10456789501424818,0.1709999999999999,VERB,ROOT,stopping,104,2,stop,on the ground and where's the wind coming from We're stopping,Neutral,0.5261770486831665,4.557170222298514,4.73,4.14,4
wheretheressmoke,544,2.875277335903631e-17,0.8553642422284629,0.8553642422284629,0.8553642422284629,0.3756,NOUN,dobj,take,105,5,cigarette,the wind coming from We're stopping I take out my cigarettes,Neutral,0.3174906373023987,3.132899769944483,3.0,4.0,9
wheretheressmoke,548,-0.003980169671434108,-0.06766457456346696,0.15721086203089055,-0.07562491390633515,0.2437999999999999,NOUN,nsubj,ready,107,3,cigarette,We're stopping I take out my cigarettes Let's get the cigarettes,Negative,0.46924224495887756,3.132899769944483,3.0,4.0,9
wheretheressmoke,552,-0.019225577163877006,0.05919472830523904,0.020743573977485042,0.020743573977485042,0.3988,NOUN,nsubj,says,108,3,brand,out my cigarettes Let's get the cigarettes ready Oh my brand,Positive,0.40156081318855286,2.8530895298518657,5.05,2.82,5
wheretheressmoke,562,1.1700205683736128e-16,0.5424234841496693,0.5424234841496693,0.5424234841496693,0.2676,NOUN,dobj,have,110,6,cigarette,brand she says Not surprising And we both have our cigarettes,Negative,0.6553941965103149,3.132899769944483,3.0,4.0,9
wheretheressmoke,567,1.5132157844466742e-16,0.8842835526105075,0.8842835526105075,0.8842835526105075,0.3208,VERB,ROOT,strikes,111,2,strike,And we both have our cigarettes at the ready She strikes,Neutral,0.5102763772010803,3.3664229572259727,3.06,5.52,6
wheretheressmoke,582,0.20202846263735508,0.47588384887365826,0.8799407741483684,0.8799407741483684,0.5344,NOUN,pobj,of,117,6,cigarette,again Yes Fire Puff Inhale Mm Sweet kiss of that cigarette,Very Positive,0.35210105776786804,3.132899769944483,3.0,4.0,9
wheretheressmoke,589,0.12043539690899473,-0.1450143761523006,-0.1450143761523006,0.09585641766568886,0.566,VERB,conj,sit,118,6,love,kiss of that cigarette And we sit there and we're loving,Positive,0.5536016821861267,4.754845043482116,8.0,5.36,4
wheretheressmoke,595,0.13737192331581174,-0.3504611390894887,-0.3504611390894887,-0.07571729245786527,0.267,VERB,conj,loving,118,11,need,sit there and we're loving the nicotine and we both need,Positive,0.47569799423217773,4.819813640774793,5.45,3.67,4
wheretheressmoke,601,0.2748010549404634,0.2868179734634951,0.2868179734634951,0.8364200833444216,0.3644,VERB,ROOT,tell,121,3,tell,nicotine and we both need this right now I can tell,Positive,0.5701599717140198,4.94423584379348,5.27,3.86,4
wheretheressmoke,617,0.10763621838496358,0.09259316608515133,0.09259316608515133,0.3078656028550784,0.6924,VERB,ROOT,think,124,3,think,we start to reminisce about our thirty-second relationship I didn't think,Neutral,0.38145798444747925,5.137550322564531,6.68,3.75,5
wheretheressmoke,621,0.3390401856834723,-0.5178756096568461,0.16020476171009843,0.16020476171009843,0.1334,VERB,xcomp,gon,126,1,happen,about our thirty-second relationship I didn't think that was gonna happen,Neutral,0.5319446921348572,4.112906490253314,5.5,3.43,6
wheretheressmoke,628,-0.013799770283225045,-0.05672514756366711,-0.08432468813011719,-0.08432468813011719,0.9944,ADJ,acomp,was,128,5,close,that was gonna happen Me neither Oh man that was close,Negative,0.7626698017120361,4.048907701483771,5.23,3.81,5
wheretheressmoke,632,2.1072755916260874e-18,0.1119302628074631,0.1119302628074631,0.1119302628074631,1.3376,ADJ,acomp,'m,129,4,lucky,Me neither Oh man that was close Oh I'm so lucky,Very Negative,0.4129142463207245,3.864333055033393,7.32,5.3,5
wheretheressmoke,639,7.985277513066884e-18,0.05328364933351281,0.05328364933351281,0.05328364933351281,0.5224,VERB,ROOT,surprises,131,3,surprise,Oh I'm so lucky I saw you Yeah Then she surprises,Positive,0.6235408186912537,3.656577291396114,7.44,6.57,8
wheretheressmoke,646,8.905676958834116e-18,0.06389389033622449,0.06389389033622449,0.06389389033622449,0.592,NOUN,attr,was,132,5,fight,Yeah Then she surprises me by saying What was the fight,Positive,0.6420562863349915,4.010978012174742,3.54,6.33,5
wheretheressmoke,650,2.7920618440865415e-17,0.2965058371160359,0.2965058371160359,0.2965058371160359,0.2079999999999999,VERB,ROOT,say,133,3,say,me by saying What was the fight about And I say,Neutral,0.7575228214263916,4.92236209678479,5.91,4.43,3
wheretheressmoke,661,5.141458049527979e-17,0.3876678013087531,-0.1880553233346595,0.3876678013087531,0.1714,VERB,ccomp,said,135,2,know,Wha what are they all about And she said I know,Neutral,0.6149460077285767,5.465057008380561,6.82,3.24,4
wheretheressmoke,664,7.875461804792612e-17,0.46840960890721695,0.46840960890721695,0.46840960890721695,0.1378,VERB,ccomp,know,136,3,mean,they all about And she said I know what you mean,Positive,0.35762152075767517,4.802390556452736,2.43,4.81,4
wheretheressmoke,670,-0.36453364093067747,0.8088443140192135,0.07977703215785843,0.07977703215785843,0.3168,ADJ,amod,one,137,6,bad,I know what you mean She said Was it a bad,Negative,0.4164777398109436,4.444122899412919,3.24,4.86,3
wheretheressmoke,675,-3.46065408575231e-18,0.054233220315010267,0.054233220315010267,0.054233220315010267,0.238,VERB,ROOT,said,138,4,say,She said Was it a bad one And and I said,Very Negative,0.6455631852149963,4.92236209678479,5.91,4.43,3
wheretheressmoke,685,-0.019853483027119784,-0.10429597553915837,-0.1440029415933979,-0.1440029415933979,0.7462000000000001,VERB,ROOT,start,142,3,start,said You know like medium She said Oh And we start,Positive,0.36749839782714844,4.2391993420543015,6.41,4.81,5
wheretheressmoke,691,2.4018141854348597e-17,0.6309218996593955,0.6309218996593955,0.6309218996593955,0.4915999999999999,NOUN,pobj,about,142,9,live,said Oh And we start to trade stories about our lives,Positive,0.47520944476127625,4.244895333691861,7.95,4.71,4
wheretheressmoke,696,5.4933525944815766e-17,0.7241089900632104,-0.05395006453539921,0.7241089900632104,0.6035999999999999,NOUN,pobj,from,143,5,north,to trade stories about our lives We're both from up north,Neutral,0.7564345002174377,3.513084360465144,5.72,2.15,5
wheretheressmoke,699,-0.03398810207215702,0.07849438514242264,0.010518180998108593,0.010518180998108593,0.478,NOUN,acomp,'re,144,3,kind,about our lives We're both from up north We're both kind,Neutral,0.6294127702713013,4.478941471757991,7.78,3.19,4
wheretheressmoke,711,-0.010702805606168299,-0.044302370856268286,0.020031328251288606,-0.06570798206860487,0.6538,VERB,ccomp,graduated,145,3,go,newish to the neighborhood this is in Florida We both went,Positive,0.6721319556236267,5.286559753980304,6.32,4.86,2
wheretheressmoke,724,-0.08196154865259238,0.09223977422000107,-0.07168332308518366,-0.07168332308518366,0.4353999999999999,VERB,ROOT,finding,147,4,find,not great colleges but man we graduated And I'm actually finding,Negative,0.640527606010437,4.627160952374775,6.45,3.52,4
wheretheressmoke,727,0.3992564488866495,-0.6228444577769175,0.17566843999638138,0.17566843999638138,0.6894,ADJ,amod,jealous,147,7,little,but man we graduated And I'm actually finding myself a little,Positive,0.485208123922348,4.867862121672578,5.91,4.2,6
wheretheressmoke,736,0.19051327203780663,-0.07180613695495869,0.3092204071206545,0.3092204071206545,0.3765999999999999,ADJ,amod,job,148,6,cool,a little jealous of her because she has this really cool,Negative,0.9292450547218323,3.999608958971417,6.82,3.43,4
wheretheressmoke,742,0.0282700401045352,0.037531829887855854,0.037531829887855854,0.09407191009692624,0.2151999999999999,NOUN,dobj,had,149,3,horse,she has this really cool job washing dogs She had horses,Positive,0.8901075124740601,3.6755950563867454,6.05,4.16,5
wheretheressmoke,748,-0.2658088035064806,0.5032983053968216,0.5032983053968216,-0.028319301616139356,0.6594,VERB,conj,had,149,8,love,washing dogs She had horses back home and she really loves,Positive,0.8395463824272156,4.754845043482116,8.0,5.36,4
wheretheressmoke,756,-5.657576917399295e-18,0.37862708270901607,0.37862708270901607,0.37862708270901607,0.152,NOUN,attr,be,149,15,vet,she really loves animals and she wants to be a vet,Positive,0.8806061744689941,2.4727564493172123,4.95,3.95,3
wheretheressmoke,760,0.40883693259831144,-0.054307768404320965,-0.054307768404320965,0.7633660967923018,0.481,PROPN,npadvmod,'re,152,3,man,and she wants to be a vet And I'm like Man,Positive,0.41681912541389465,4.973746513389169,5.42,4.36,3
wheretheressmoke,769,5.299850901554198e-19,-0.00841394316843306,-0.00841394316843306,-0.00841394316843306,0.4088,NOUN,compound,cream,154,6,ice,like Man you're halfway there I'm a waitress at an ice,Negative,0.48163047432899475,3.608312042697327,6.06,3.3,3
wheretheressmoke,778,-6.7458262724907324e-18,0.19258875556154484,0.19258875556154484,0.19258875556154484,0.1572,VERB,ROOT,know,155,3,know,an ice cream parlor so um that's not I don't know,Negative,0.39818549156188965,5.465057008380561,6.82,3.24,4
wheretheressmoke,781,-0.26830505716147257,0.8452476873034769,0.30863757298053157,0.30863757298053157,0.3026,VERB,ccomp,know,156,3,want,parlor so um that's not I don't know where I want,Negative,0.3632410764694214,5.148352740207044,6.0,5.29,4
wheretheressmoke,786,4.177154829307048e-17,0.7072342741764247,0.7072342741764247,0.7072342741764247,0.104,VERB,conj,know,155,4,know,I don't know where I want to be but I know,Negative,0.44790127873420715,5.465057008380561,6.82,3.24,4
wheretheressmoke,793,-0.08310952189976822,0.1392872439283829,-0.12773825968606792,-0.026931799871153562,0.4788,VERB,ROOT,gets,158,4,get,be but I know it's not that And then it gets,Negative,0.8102343082427979,5.3687943501614095,6.09,3.67,3
wheretheressmoke,802,-2.9768116360603342e-18,-0.2640243790369306,-0.2640243790369306,-0.2640243790369306,0.3206,NOUN,dobj,share,158,12,stuff,it gets a little deeper and we share some other stuff,Negative,0.875294029712677,4.1946253294838645,5.86,3.52,5
wheretheressmoke,806,2.144320346882396e-17,0.28864340093471824,0.28864340093471824,0.28864340093471824,0.5156,NOUN,nsubj,are,158,16,live,deeper and we share some other stuff about what our lives,Positive,0.4112454652786255,4.244895333691861,7.95,4.71,4
wheretheressmoke,809,0.08013353866169251,-0.02161814420708785,-0.02161814420708785,0.13864893311629714,0.189,NOUN,attr,are,158,19,thing,share some other stuff about what our lives are like things,Positive,0.37963834404945374,4.744472923733661,5.55,3.43,5
wheretheressmoke,817,7.446071102179492e-17,0.605868985702421,0.605868985702421,0.605868985702421,0.346,NOUN,pobj,at,160,8,home,are like things that I can't ever tell people at home,Very Positive,0.2826155722141266,4.596509128341999,7.48,3.78,4
wheretheressmoke,826,0.21785975937255264,0.2893201708463329,0.3345574510609059,0.725039689591438,0.1822,ADJ,amod,stuff,161,9,ugly,at home This girl I can tell her the really ugly,Negative,0.4239175617694855,3.3326404103874627,2.47,4.43,4
wheretheressmoke,842,0.03689294607892812,0.012185552964907066,-0.0028013552280861005,0.08597144512276328,0.4526,ADJ,advcl,gon,164,2,nice,how it can still be pretty She understands like how nice,Positive,0.5335595011711121,4.520168997523782,6.95,3.53,4
wheretheressmoke,848,9.603569520062085e-17,0.8236839568401728,0.8236839568401728,0.8236839568401728,0.2128,VERB,advcl,understands,165,3,get,She understands like how nice he's gonna be when I get,Positive,0.6822800636291504,5.3687943501614095,6.09,3.67,3
wheretheressmoke,852,0.4573799169031002,-0.06361785050605626,0.1367987594225467,0.851141983300144,0.6304000000000001,ADJ,acomp,be,163,5,sweet,nice he's gonna be when I get home and how sweet,Positive,0.8926997184753418,3.869583707713424,7.77,4.14,5
wheretheressmoke,870,0.10102829016691246,-0.25634308085595003,-0.25634308085595003,-0.05428650052212511,0.2904,VERB,ROOT,go,169,4,go,other Oh that's almost out Come on And we we go,Positive,0.32180410623550415,5.286559753980304,6.32,4.86,2
wheretheressmoke,877,0.38610356044465316,-0.417507378317135,0.3546997425721712,0.3546997425721712,0.4785999999999999,VERB,acomp,'s,170,1,go,And we we go through this entire pack until it's gone,Neutral,0.4040125906467438,5.286559753980304,6.32,4.86,2
wheretheressmoke,881,5.260253785136317e-17,0.7064134413913372,0.7064134413913372,0.7064134413913372,0.208,VERB,ROOT,say,171,4,say,through this entire pack until it's gone And then I say,Neutral,0.6305031180381775,4.92236209678479,5.91,4.43,3
wheretheressmoke,889,-0.04548731904179158,0.06396564927823951,-0.03225399445614539,-0.027008988805343637,0.3006,ADJ,amod,funny,172,8,little,then I say You know what uh this is a little,Positive,0.43358445167541504,4.867862121672578,5.91,4.2,6
wheretheressmoke,893,0.3556253880327974,-0.1154182893964138,0.5958324866691808,0.5958324866691808,0.2022,VERB,conj,is,174,1,go,know what uh this is a little funny but you're gonna,Negative,0.5808392763137817,5.286559753980304,6.32,4.86,2
wheretheressmoke,907,1.4306993881837949e-16,0.5537668211975059,0.5537668211975059,0.5537668211975059,0.4364,NOUN,npadvmod,old,178,5,year,me the way to get home because although I'm twenty-three years,Negative,0.36815744638442993,4.151523067564944,5.75,3.33,4
wheretheressmoke,914,4.4114916099558976e-18,0.08535042136155879,0.08535042136155879,0.08535042136155879,0.2895999999999999,NOUN,dobj,have,178,12,license,although I'm twenty-three years old I don't have my driver's license,Negative,0.6560322046279907,3.2137832993353044,5.91,4.7,7
wheretheressmoke,921,0.043252126905271804,-0.014255052165743007,-0.014255052165743007,0.07224920164480057,0.5317999999999999,ADV,advmod,jumped,178,18,right,have my driver's license yet and I just jumped out right,Negative,0.7454656362533569,5.310542504215177,7.32,5.0,5
wheretheressmoke,924,0.049566171468797354,0.09826731442884264,0.19739965736643728,0.19739965736643728,0.4414,VERB,advcl,jumped,180,3,need,license yet and I just jumped out right when I needed,Negative,0.5892783403396606,4.819813640774793,5.45,3.67,4
wheretheressmoke,928,9.996616838852929e-17,0.34873138817766586,0.34873138817766586,0.34873138817766586,0.2726,VERB,ROOT,says,181,3,say,just jumped out right when I needed to And she says,Negative,0.5623679757118225,4.92236209678479,5.91,4.43,3
wheretheressmoke,933,6.339816778448914e-17,0.5558257331376534,0.5558257331376534,0.5558257331376534,0.1508,VERB,ccomp,says,182,5,come,I needed to And she says Well why don't you come,Negative,0.2806536853313446,5.204638112496441,5.64,3.57,4
wheretheressmoke,940,0.3911436381551467,-0.2213936062181767,-0.2213936062181767,0.5608936700921164,0.3066,VERB,conj,come,182,11,give,why don't you come back to my house and I'll give,Negative,0.5162158012390137,4.774954689080139,7.73,4.57,4
wheretheressmoke,943,0.34678193726049483,-0.27455280116886205,0.41901107335212756,0.41901107335212756,0.0487999999999999,NOUN,dobj,give,182,14,ride,come back to my house and I'll give you a ride,Positive,0.7445297241210938,3.8391636829146494,6.27,5.1,4
wheretheressmoke,955,0.4045996588544351,-0.30729618587357577,-0.30729618587357577,0.5019031318352942,0.4927999999999999,VERB,conj,start,185,7,get,say Okay great And we start walking and uh we get,Positive,0.8476597666740417,5.3687943501614095,6.09,3.67,3
wheretheressmoke,966,0.23336366671950515,0.36428918713459285,0.8310165205736028,0.8310165205736028,0.8492000000000001,NOUN,nsubj,getting,185,17,road,to this um lots of uh lights and uh the roads,Positive,0.5658870339393616,3.756636108245848,5.59,3.81,4
wheretheressmoke,975,1.250420813145234e-16,0.8667656775747655,0.8667656775747655,0.8667656775747655,0.227,NOUN,attr,'s,185,25,car,the roads are getting wider and wider and there's more cars,Negative,0.5529971718788147,4.391587823509949,6.63,4.04,3
wheretheressmoke,994,0.40192664935144756,0.035528350900601906,0.04139935341013821,0.8393816496034967,0.6443999999999999,VERB,conj,'s,185,33,cross,know laundromats and dollar stores and emergecenters and then we cross,Neutral,0.7997139096260071,3.448397103457768,5.67,3.05,5
wheretheressmoke,997,-6.098236136511687e-18,-0.045663586152006816,-0.09723550970965215,-0.045663586152006816,0.384,PROPN,pobj,over,185,36,one,dollar stores and emergecenters and then we cross over US One,Neutral,0.7935067415237427,5.195027421937368,6.09,2.67,3
wheretheressmoke,1005,0.30722685706524094,0.18120754246194784,0.18120754246194784,0.7956612565924295,0.4528,NOUN,pobj,to,185,44,place,over US One and uh she leads me to some place,Positive,0.7763248682022095,4.487661477118644,5.86,3.52,5
wheretheressmoke,1008,0.19855262334157922,0.26289440899597094,0.6599996556791292,0.6599996556791292,0.3022,VERB,conj,leads,185,46,think,and uh she leads me to some place and I think,Positive,0.9006427526473999,5.137550322564531,6.68,3.75,5
wheretheressmoke,1016,0.46664106555416907,-0.024766385385940018,0.07917396064712418,0.9085157457223979,0.7834000000000001,NOUN,nsubj,lives,196,2,girl,and I think No but yes Carl's Efficiency Apartments This girl,Positive,0.3799086809158325,4.453532376125107,7.15,5.23,4
wheretheressmoke,1021,0.30881179822267724,0.1777178609191966,0.7953414573645511,0.7953414573645511,0.5398,ADJ,acomp,'s,196,7,horrible,yes Carl's Efficiency Apartments This girl lives there and it's horrible,Very Negative,0.6040244698524475,3.3354579006893843,2.33,5.95,8
wheretheressmoke,1037,6.098376187121385e-18,-0.14068423768636074,-0.09647667281989471,-0.14068423768636074,0.1086,NOUN,attr,'s,200,3,kind,bright just to illuminate the horribleness of it It's the kind,Negative,0.5355373024940491,4.478941471757991,7.78,3.19,4
wheretheressmoke,1054,-0.0122164517033337,0.006390694290885758,-0.018042209115781638,-0.018042209115781638,0.4556,NUM,compound,million,201,14,fifty,car right up and the door's right there and there's fifty,Neutral,0.8601487278938293,2.9827233876685453,4.74,3.45,5
wheretheressmoke,1062,0.0223617368278217,0.038123034311384134,0.08284650796702751,0.08284650796702751,0.1694,NOUN,compound,one,201,20,door,and there's fifty million cigarette butts outside and there's like doors,Neutral,0.8174943327903748,4.173069663637268,5.43,3.19,4
wheretheressmoke,1090,-0.011605844278604727,0.00016055928550780946,0.4399294681511356,-0.02305112927170162,0.6676,VERB,conj,'s,208,4,think,someone crying or drunk or lonely or cruel and I think,Neutral,0.8310448527336121,5.137550322564531,6.68,3.75,5
wheretheressmoke,1094,3.378348351379689e-17,0.8248433681247048,0.8248433681247048,0.8248433681247048,0.3445999999999999,VERB,ccomp,think,211,4,live,or lonely or cruel and I think Oh God she lives,Neutral,0.26969245076179504,4.244895333691861,7.95,4.71,4
wheretheressmoke,1099,0.3142280721641434,-0.023214557956625855,0.6052415863716608,0.6052415863716608,0.4167999999999999,VERB,ROOT,go,213,2,go,I think Oh God she lives here How awful We go,Very Positive,0.45813748240470886,5.286559753980304,6.32,4.86,2
wheretheressmoke,1103,5.414052716171274e-20,0.0011490515304282,0.0011490515304282,0.0011490515304282,0.5276,NOUN,compound,number,213,6,door,she lives here How awful We go to the door door,Very Positive,0.36834222078323364,4.173069663637268,5.43,3.19,4
wheretheressmoke,1122,-0.05630838909955131,0.20129085583303918,0.20129085583303918,0.08867407763393653,0.3948,NOUN,nsubj,come,217,2,blare,in As soon as the door opens I hear the blare,Neutral,0.632081925868988,1.3222192947339193,4.8,4.68,5
wheretheressmoke,1130,0.03406126731439207,-0.053128360984716856,-0.02600891250052419,0.014994173644067285,0.1736,ADJ,amod,light,217,10,blue,hear the blare of television come out and on the blue,Neutral,0.5442279577255249,3.7179200258369938,6.53,3.69,4
wheretheressmoke,1151,-2.1507623465270216e-19,-0.0095812206296004,-0.0095812206296004,-0.0095812206296004,0.2322,NOUN,dobj,hear,218,5,man,in that little crack of light And I hear the man,Negative,0.401523232460022,4.973746513389169,5.42,4.36,3
wheretheressmoke,1160,7.942416574843039e-18,0.03724952842044719,0.03724952842044719,0.03724952842044719,0.4692,VERB,ROOT,says,220,3,say,the man and he says Where were you And she says,Positive,0.37082329392433167,4.92236209678479,5.91,4.43,3
wheretheressmoke,1172,4.977589641673926e-18,0.06172310094607145,0.06172310094607145,0.06172310094607145,0.3376,VERB,ROOT,says,223,3,say,mind I'm back And he says You alright And she says,Very Positive,0.5516803860664368,4.92236209678479,5.91,4.43,3
wheretheressmoke,1179,0.36298716311913215,-0.012681533892274109,-0.012681533892274109,0.7132927923459901,0.2914,VERB,ROOT,turns,224,4,turn,alright And she says Yeah I'm alright And then she turns,Positive,0.4455050528049469,4.193986763085695,5.45,3.48,4
wheretheressmoke,1183,-1.331042957543176e-17,0.21238998420320865,0.21238998420320865,0.21238998420320865,0.285,VERB,conj,turns,225,1,say,Yeah I'm alright And then she turns to me and says,Positive,0.48826542496681213,4.92236209678479,5.91,4.43,3
wheretheressmoke,1198,0.3741665078432977,-0.002925638554259083,-0.002925638554259083,0.7454073771323361,0.4358000000000001,VERB,ROOT,pulls,228,3,pull,And he says Who the fuck is that And she pulls,Neutral,0.2800062894821167,3.873320601815399,5.59,4.1,4
wheretheressmoke,1203,-1.6426140369344013e-18,0.03404208792736532,0.03404208792736532,0.03404208792736532,0.3898,VERB,conj,pulls,228,7,see,fuck is that And she pulls me over and he sees,Negative,0.5212309956550598,5.115257608061224,6.27,3.9,3
wheretheressmoke,1207,5.3490742530367764e-18,0.11185605746182908,0.11185605746182908,0.11185605746182908,0.3312,VERB,conj,sees,228,10,say,she pulls me over and he sees me and he says,Neutral,0.3420694172382355,4.92236209678479,5.91,4.43,3
wheretheressmoke,1213,0.4001324858014795,0.05631916489571868,0.8565841364986775,0.8565841364986775,0.1308,NOUN,attr,'m,228,16,threat,sees me and he says Oh hey I'm not a threat,Positive,0.4533584415912628,3.0253058652647704,2.63,6.57,6
wheretheressmoke,1217,-0.11706113386283494,0.04254670429743987,0.29516467428448306,-0.19157556342822998,0.5188,VERB,ccomp,know,231,4,take,says Oh hey I'm not a threat Just then he takes,Negative,0.46203914284706116,4.984275214375496,4.82,4.52,4
wheretheressmoke,1222,2.4576484455953955e-17,0.31871737536264294,0.31871737536264294,0.31871737536264294,0.4145999999999999,NOUN,pobj,of,231,9,cigarette,a threat Just then he takes a drag of his cigarette,Negative,0.6139130592346191,3.132899769944483,3.0,4.0,9
wheretheressmoke,1225,1.9465032052287054e-18,0.024945260635601624,0.024945260635601624,0.024945260635601624,0.5058,ADV,advmod,a,231,12,hard,then he takes a drag of his cigarette a very hard,Negative,0.7641152739524841,4.195927313597225,4.35,4.5,4
wheretheressmoke,1239,-0.028993433169876334,0.2001089769942687,0.142122110654516,0.142122110654516,0.3344,NOUN,ccomp,makes,233,8,heat,know the kind that makes the end of it really heat,Positive,0.7397181391716003,3.3106933123433606,4.77,5.75,4
wheretheressmoke,1249,0.01519739039651867,-0.04486580938342683,-0.04486580938342683,-0.014471028590389482,0.447,ADJ,amod,scary,232,8,little,heat up hot hot hot and long and it's a little,Negative,0.8291796445846558,4.867862121672578,5.91,4.2,6
wheretheressmoke,1255,1.7405812129691408e-16,0.5278579641467745,0.5278579641467745,0.5278579641467745,0.4831999999999999,NOUN,dobj,follow,234,5,cigarette,long and it's a little scary And I follow the cigarette,Negative,0.8865485191345215,3.132899769944483,3.0,4.0,9
wheretheressmoke,1259,0.09659775812833497,-0.06266572247397506,-0.06266572247397506,0.13052979378269486,0.6876,ADJ,acomp,'m,234,9,afraid,little scary And I follow the cigarette down because I'm afraid,Negative,0.8766582012176514,4.101472117000238,2.25,5.12,6
wheretheressmoke,1270,2.6711971071815796e-17,0.245862602440178,0.245862602440178,0.245862602440178,0.6534,VERB,advcl,'m,236,3,see,of that head falling off and I'm surprised when I see,Negative,0.7294988632202148,5.115257608061224,6.27,3.9,3
wheretheressmoke,1273,0.10143002202066122,-0.09850368530380782,0.10435635873751459,0.10435635873751459,0.3535999999999999,NOUN,pobj,in,236,6,crook,falling off and I'm surprised when I see in the crook,Negative,0.8278210759162903,2.462397997898956,2.86,4.62,5
wheretheressmoke,1285,7.173608670631188e-18,0.7520033473799265,0.7520033473799265,0.7520033473799265,0.4322000000000001,VERB,ROOT,think,238,3,think,his arm a little boy sleeping a toddler And I think,Very Negative,0.6272808313369751,5.137550322564531,6.68,3.75,5
wheretheressmoke,1290,0.096231309714504,0.3517307921904302,0.5441934116194381,0.5441934116194381,0.3697999999999999,NOUN,nsubj,reaches,238,7,girl,sleeping a toddler And I think and just then the girl,Very Negative,0.37235814332962036,4.453532376125107,7.15,5.23,4
wheretheressmoke,1299,0.0770502215182133,0.16353703973741263,0.31763748277383913,0.31763748277383913,0.569,NOUN,dobj,takes,238,15,carton,the girl reaches underneath the bed and takes out a carton,Neutral,0.7212119698524475,1.9867717342662448,5.3,3.41,6
wheretheressmoke,1318,-0.007421748216930809,0.0542924770928099,0.0542924770928099,0.039448980658948286,0.3134,VERB,ROOT,kisses,242,7,kiss,of cigarettes in there And on the way up she kisses,Positive,0.5222448110580444,3.790988475088816,7.78,6.05,4
wheretheressmoke,1327,6.845834938553415e-17,0.7237869585367052,0.7237869585367052,0.7237869585367052,0.2516,NOUN,dobj,kisses,242,15,man,she kisses the little boy and then she kisses the man,Neutral,0.4322095513343811,4.973746513389169,5.42,4.36,3
wheretheressmoke,1330,3.3448065268790835e-17,0.17525040674509143,0.17525040674509143,0.17525040674509143,0.1688,NOUN,nsubj,says,244,3,man,little boy and then she kisses the man And the man,Positive,0.48336777091026306,4.973746513389169,5.42,4.36,3
wheretheressmoke,1337,1.3010484510514335e-17,0.10456596403157203,0.10456596403157203,0.10456596403157203,0.4654,VERB,ROOT,says,245,3,say,man And the man says again You alright And she says,Very Positive,0.44548389315605164,4.92236209678479,5.91,4.43,3
wheretheressmoke,1345,1.901012701572497e-16,0.8287886706475801,0.8287886706475801,0.8287886706475801,0.3628,VERB,conj,go,248,1,smoke,And she says Yeah I'm just gonna go out and smoke,Negative,0.5058559775352478,3.523486332343228,3.44,5.0,5
wheretheressmoke,1367,0.4191829777663624,-0.07110558190339779,0.008648452659345782,0.7672603736293269,0.7368,ADJ,amod,boy,251,7,little,cigarette butts and smoke And I say Wow that's your little,Neutral,0.4400571584701538,4.867862121672578,5.91,4.2,6
wheretheressmoke,1371,-3.4035005789992414e-18,0.037768132141246476,0.037768132141246476,0.037768132141246476,-0.0036,VERB,ROOT,says,252,3,say,And I say Wow that's your little boy And she says,Positive,0.43856990337371826,4.92236209678479,5.91,4.43,3
wheretheressmoke,1375,0.2248345179743677,0.2164897888971596,0.6661588248458948,0.6661588248458948,0.2604,ADJ,acomp,is,252,7,beautiful,that's your little boy And she says Yeah isn't he beautiful,Negative,0.480059415102005,4.1543326612423055,7.61,5.71,9
wheretheressmoke,1378,-3.46065408575231e-18,0.054233220315010267,0.054233220315010267,0.054233220315010267,0.431,VERB,ROOT,say,253,3,say,boy And she says Yeah isn't he beautiful And I say,Negative,0.4133586585521698,4.92236209678479,5.91,4.43,3
wheretheressmoke,1389,-0.06725035070697762,0.04244497086840197,0.04244497086840197,-0.09205573054555327,0.3856,VERB,ROOT,keeps,256,2,keep,Yeah he is He is beautiful He's my light He keeps,Positive,0.524243950843811,4.554452815848653,6.32,3.43,4
wheretheressmoke,1397,1.7416951542302106e-17,0.8154088230087125,0.8154088230087125,0.8154088230087125,0.3792,NOUN,dobj,finish,259,4,cigarette,light He keeps me going She says We finish our cigarettes,Positive,0.690178394317627,3.132899769944483,3.0,4.0,9
wheretheressmoke,1406,4.4300778471480653e-17,0.5393264153950458,0.5393264153950458,0.5393264153950458,0.2038,NOUN,dobj,have,261,5,beer,our cigarettes She finishes her beer I don't have a beer,Negative,0.3651790916919708,3.585573518622731,5.67,4.3,4
wheretheressmoke,1419,-0.07871923674825533,0.06323797585047437,0.06323797585047437,-0.09420049764603626,0.3891999999999999,VERB,ROOT,goes,263,3,go,can't go home with beer on my breath And she goes,Negative,0.32499685883522034,5.286559753980304,6.32,4.86,2
wheretheressmoke,1443,2.928409539437433e-17,0.22072733985011725,0.22072733985011725,0.22072733985011725,0.2435999999999999,VERB,ROOT,comes,268,3,come,keys and I think something must be wrong And she comes,Neutral,0.444651335477829,5.204638112496441,5.64,3.57,4
wheretheressmoke,1447,3.9117753349259097e-17,0.48029921713743,-0.13270265333667716,0.48029921713743,0.1583999999999999,VERB,conj,comes,268,6,say,something must be wrong And she comes out and she says,Negative,0.5452015995979309,4.92236209678479,5.91,4.43,3
wheretheressmoke,1451,1.9723007927367858e-17,0.1277339649687991,0.1277339649687991,0.1277339649687991,0.2937999999999999,ADJ,acomp,'m,268,9,sorry,And she comes out and she says Look I'm really sorry,Positive,0.5172908902168274,4.775005728078465,4.81,4.62,5
wheretheressmoke,1469,0.28599408714537944,0.11184602181750197,0.6838341961082607,0.6838341961082607,0.1911999999999999,VERB,conj,'s,273,6,need,gas in the car It's already on E and he needs,Negative,0.6226453185081482,4.819813640774793,5.45,3.67,4
wheretheressmoke,1476,-1.4256570365063162e-17,0.1294089808389746,0.1294089808389746,0.1294089808389746,0.214,NOUN,pobj,in,276,5,morning,E and he needs to get to work in the morning,Negative,0.8350965976715088,4.35005409357903,6.41,3.95,7
wheretheressmoke,1481,0.054798323604880156,-0.26407005772489844,-0.3642191027102062,-0.15447341051513805,0.0324,VERB,ccomp,gon,277,5,know,get to work in the morning And um I you know,Negative,0.38142529129981995,5.465057008380561,6.82,3.24,4
wheretheressmoke,1504,3.7734843549024424e-17,0.8360750814971887,0.8360750814971887,0.8360750814971887,0.4194,NOUN,dobj,drew,281,12,map,I did was though here look I drew out this map,Positive,0.7389983534812927,3.2105860249051563,5.81,3.95,3
wheretheressmoke,1513,6.152841894739414e-17,0.8294503842575764,0.08508444954724824,0.8294503842575764,0.367,NOUN,pobj,like,283,4,mile,this map for you and you're really you're like a mile,Positive,0.7527993321418762,3.030194785356751,4.78,3.43,4
wheretheressmoke,1529,0.38266794273519866,-0.03487153392929478,-0.03487153392929478,0.7304643515411023,0.4598,ADV,advmod,be,284,5,back,And um if you walk three streets over you'll be back,Neutral,0.7500725388526917,5.010588259604198,4.76,2.59,4
wheretheressmoke,1532,-6.58317952802657e-18,-0.05093023609297948,-0.05093023609297948,-0.05093023609297948,0.1862,ADJ,amod,street,284,8,pretty,you walk three streets over you'll be back on that pretty,Neutral,0.5157442092895508,4.30111684587563,7.7,5.5,6
wheretheressmoke,1542,0.4498448114476191,-0.08000280840211543,0.8196868144931228,0.8196868144931228,0.3198,ADJ,acomp,be,284,17,fine,pretty street and you just take that and you'll be fine,Positive,0.8100888133049011,4.484342554736087,6.5,3.86,4
wheretheressmoke,1551,1.1782137683286185e-17,0.23050101229709039,0.23050101229709039,0.23050101229709039,0.7924,NOUN,compound,cigarettes,287,9,paper,be fine And she also has wrapped up in toilet paper,Positive,0.7070797681808472,3.7219754015859534,5.42,3.52,5
wheretheressmoke,1557,-0.0031769426256822958,0.038796036982562884,0.03244215173119829,0.03244215173119829,0.1236,NOUN,dobj,wrapped,287,15,third,wrapped up in toilet paper seven cigarettes for me a third,Neutral,0.7298747897148132,3.5800121125294244,5.0,2.64,5
wheretheressmoke,1560,1.7068846653319276e-16,0.7102624179870887,0.7102624179870887,0.7102624179870887,0.231,NOUN,pobj,of,287,18,pack,toilet paper seven cigarettes for me a third of her pack,Neutral,0.7477016448974609,3.3494717992143856,5.55,4.1,4
wheretheressmoke,1565,-0.0009652530258710028,0.0034904992024072565,-0.07680160950640423,0.0015599931506652422,0.3013999999999999,ADJ,amod,pack,288,5,new,me a third of her pack I note and a new,Positive,0.6261688470840454,4.567191107883383,7.68,5.14,3
wheretheressmoke,1568,1.5395154325825757e-16,0.6923154747545839,-0.20275624426454597,0.6923154747545839,0.3673999999999999,NOUN,pobj,of,288,8,match,of her pack I note and a new pack of matches,Neutral,0.5440861582756042,3.401745082237063,5.61,3.05,5
wheretheressmoke,1577,0.32354428108267624,0.0353184948431878,0.6824070570085401,0.6824070570085401,0.8432000000000001,ADJ,acomp,was,289,9,great,of matches And she tells me goodbye and that was great,Positive,0.8114923238754272,4.621851095544312,7.5,4.14,5
wheretheressmoke,1590,0.32694249694194066,-0.48921632061941067,0.16466867326447068,0.16466867326447068,0.3794,VERB,parataxis,let,291,2,know,you and how lucky and that was fun and you know,Positive,0.6812105774879456,5.465057008380561,6.82,3.24,4
wheretheressmoke,1596,-0.1390394683047418,0.6038869681980202,0.3258080315885366,0.3258080315885366,0.6975999999999999,VERB,ROOT,say,295,3,say,was fun and you know let's be friends And I say,Positive,0.8657762408256531,4.92236209678479,5.91,4.43,3
wheretheressmoke,1601,0.327687290673967,0.24159256287667327,0.896967144224607,0.896967144224607,0.5688,VERB,ROOT,walk,296,3,walk,let's be friends And I say Yeah okay And I walk,Positive,0.7118812799453735,4.041787318971752,6.77,3.24,4
wheretheressmoke,1605,-0.1479031822243982,0.32209418944057083,0.28250892777861675,0.026287824991774383,0.429,VERB,conj,walk,296,6,kind,I say Yeah okay And I walk away but I kind,Negative,0.5480379462242126,4.478941471757991,7.78,3.19,4
wheretheressmoke,1610,4.234553642979773e-17,0.3249101993892853,0.3249101993892853,0.3249101993892853,0.2886,VERB,ccomp,kind,299,3,go,I walk away but I kind of know we're not gonna,Negative,0.8006215691566467,5.286559753980304,6.32,4.86,2
wheretheressmoke,1622,-0.09091734737211804,0.14860213924197616,0.18818740090393019,-0.033232555502259904,0.3041999999999999,VERB,conj,see,300,9,kind,friends I might not ever see her again and I kind,Negative,0.4156597852706909,4.478941471757991,7.78,3.19,4
wheretheressmoke,1627,5.753217379861958e-18,0.05739277796369759,0.05739277796369759,0.05739277796369759,0.4147999999999999,VERB,ROOT,think,303,3,think,see her again and I kind of know I don't think,Positive,0.5705192685127258,5.137550322564531,6.68,3.75,5
wheretheressmoke,1634,9.567660801595357e-18,0.06924955736535544,0.06924955736535544,0.06924955736535544,0.2482,NOUN,attr,be,304,7,vet,know I don't think she's ever going to be a vet,Negative,0.6220512986183167,2.4727564493172123,4.95,3.95,3
wheretheressmoke,1637,1.2874418724594595e-18,0.012262609801033449,0.012262609801033449,0.012262609801033449,0.3258,VERB,amod,I,306,1,cross,think she's ever going to be a vet And I cross,Positive,0.3155890107154846,3.448397103457768,5.67,3.05,5
wheretheressmoke,1646,-5.993102449757276e-20,0.04569707735400804,0.04569707735400804,0.04569707735400804,0.3588,VERB,conj,walk,305,10,seem,I cross and I walk away and maybe this would've seemed,Positive,0.372771680355072,3.853211334503317,5.45,3.24,4
wheretheressmoke,1649,-0.028709876117135796,0.06511568978108769,0.008787794778328988,0.007695937546816085,0.2766,NOUN,pobj,like,305,13,visit,I walk away and maybe this would've seemed like a visit,Negative,0.3468477427959442,3.4762517960070336,6.56,3.9,5
wheretheressmoke,1655,-0.015224485420744763,-0.012999043852279624,-0.012999043852279624,-0.04344801469376914,0.3774,ADJ,conj,seemed,305,19,scary,would've seemed like a visit from my possible future and scary,Positive,0.4293743669986725,3.126131407261985,3.0,5.35,5
wheretheressmoke,1662,5.012442912649861e-17,0.3928343826028429,0.3928343826028429,0.3928343826028429,0.298,NOUN,dobj,does,305,25,opposite,possible future and scary but it kind of does the opposite,Negative,0.7834012508392334,2.8898617212581885,4.77,3.43,8
wheretheressmoke,1669,0.3984705352797175,-0.011909612617001367,-0.032642407254189466,0.7850314579424333,0.4603999999999999,PROPN,attr,'m,309,6,man,of does the opposite On the walk home I'm like Man,Neutral,0.6715794205665588,4.973746513389169,5.42,4.36,3
wheretheressmoke,1673,-0.05306291967166711,0.008727928792482997,-0.10006619217836253,-0.09739791055085119,0.337,ADJ,acomp,was,309,10,grim,On the walk home I'm like Man that was really grim,Positive,0.4280771315097809,2.3891660843645326,2.41,4.48,4
wheretheressmoke,1678,0.3774899482131797,-0.0680682359535528,0.6869116604728066,0.6869116604728066,0.7794,VERB,conj,was,312,1,go,like Man that was really grim over there and I'm going,Negative,0.39875802397727966,5.286559753980304,6.32,4.86,2
wheretheressmoke,1683,0.005229437985529787,-0.2927382396500069,-0.3840412035573824,-0.28227936367894724,0.6616,ADJ,amod,boyfriend,312,6,nice,grim over there and I'm going home now to my nice,Positive,0.41120797395706177,4.520168997523782,6.95,3.53,4
wheretheressmoke,1688,1.1630766385131162e-17,0.11840883246057994,0.11840883246057994,0.11840883246057994,0.2858,VERB,conj,going,312,10,go,going home now to my nice boyfriend and he is gonna,Positive,0.845529317855835,5.286559753980304,6.32,4.86,2
wheretheressmoke,1701,5.600896301946494e-17,0.22942193578009715,0.22942193578009715,0.22942193578009715,0.4067999999999999,NOUN,dobj,have,315,6,apartment,extra happy to see me And we have a one-bedroom apartment,Positive,0.8825958967208862,3.626955951435448,5.72,3.8,9
wheretheressmoke,1710,0.20980560849087113,0.38872198047021955,0.8083331974519616,0.8083331974519616,0.6138,NOUN,attr,'s,315,13,yard,one-bedroom apartment and we have two trees and there's a yard,Neutral,0.6654781699180603,3.106870544478654,5.7,3.68,4
wheretheressmoke,1722,-0.055454495268831464,0.07272336302452749,0.07272336302452749,-0.03818562751313543,0.2755999999999999,ADJ,amod,money,320,2,loose,we have this jar in the kitchen where there's like loose,Negative,0.6353244185447693,3.3287872003545345,4.52,4.3,5
wheretheressmoke,1727,1.3274401162112832e-16,0.5693818574270358,0.5693818574270358,0.5693818574270358,0.2766,VERB,relcl,money,321,4,use,the kitchen where there's like loose money that we can use,Negative,0.6593009829521179,4.243955301978741,5.18,4.19,3
wheretheressmoke,1732,0.2048459881123926,0.031034457570568313,0.04761882578668022,0.4407264337953534,0.2987999999999999,AUX,aux,run,322,3,would,loose money that we can use for anything Like we would,Negative,0.39715248346328735,4.955028353590069,5.91,3.81,5
wheretheressmoke,1738,0.3781433554546414,0.021749481010902835,0.021749481010902835,0.7780361919201856,0.224,NOUN,pobj,of,322,9,gas,for anything Like we would never ever run out of gas,Very Negative,0.6233301162719727,3.5388249889379035,4.06,4.4,3
wheretheressmoke,1745,-0.4739281366411554,0.8147475369944396,-0.1331087362878712,-0.1331087362878712,0.2258,NOUN,dobj,have,323,7,baby,run out of gas And um I don't have a baby,Negative,0.5440093874931335,4.414622429922522,6.67,4.97,4
wheretheressmoke,1758,0.3250779002925785,0.05794602876591274,0.7081018293510696,0.7081018293510696,0.4986,NUM,nummod,cigarettes,327,4,seven,so I can leave whenever I want I smoked all seven,Neutral,0.35236477851867676,3.7265642161622448,4.9,3.8,5
wheretheressmoke,1783,-0.04694852682171141,0.012993906324533157,0.012993906324533157,-0.08090314731888966,0.4439999999999999,VERB,conj,had,333,1,hold,Ick disgusting and poison But unless you've had them and held,Very Negative,0.7120834589004517,4.347798215324819,6.05,4.86,4
wheretheressmoke,1817,9.988034406486861e-17,0.6172890895879123,0.6172890895879123,0.6172890895879123,0.3793999999999999,VERB,conj,took,336,8,quit,a long time to quit that boyfriend and then to quit,Negative,0.8111495971679688,3.662380020016248,3.72,4.05,4
